0,PABT Ramp,0.0,0.0,0.0,0,(),0.0,0.0
5,PABT Ramp,0.0,0.0,0.0,0,(),0.0,0.0
10,PABT Ramp,0.0,0.0,0.0,0,(),0.0,0.0
15,PABT Ramp,0.0,0.0,0.0,0,(),0.0,0.0
20,PABT Ramp,0.0,0.0,0.0,0,(),0.0,0.0
25,PABT Ramp,0.0,0.0,0.0,0,(),0.0,0.0
30,PABT Ramp,0.0,0.0,0.0,0,(),0.0,0.0
35,PABT Ramp,0.0,0.0,0.0,0,(),0.0,0.0
40,PABT Ramp,0.0,0.0,0.0,0,(),0.0,0.0
45,PABT Ramp,0.0,0.0,0.0,0,(),0.0,0.0
50,PABT Ramp,0.0,0.0,0.0,0,(),0.0,0.0
55,PABT Ramp,0.0,0.0,0.0,0,(),0.0,0.0
60,PABT Ramp,0.0,0.0,0.0,0,(),0.0,0.0
65,PABT Ramp,0.0,0.0,0.0,0,(),0.0,0.0
70,PABT Ramp,0.0,0.0,0.0,0,(),0.0,0.0
75,PABT Ramp,0.0,0.0,0.0,0,(),0.0,0.0
80,PABT Ramp,0.0,0.0,0.0,0,(),0.0,0.0
85,PABT Ramp,0.0,0.0,0.0,0,(),0.0,0.0
90,PABT Ramp,0.0,0.0,0.0,0,(),0.0,0.0
95,PABT Ramp,0.0,0.0,0.0,0,(),0.0,0.0
100,PABT Ramp,0.0,0.0,0.0,0,(),0.0,0.0
105,PABT Ramp,0.0,0.0,0.0,0,(),0.0,0.0
110,PABT Ramp,0.0,0.0,0.0,0,(),0.0,0.0
115,PABT Ramp,0.0,0.0,0.0,0,(),0.0,0.0
120,PABT Ramp,0.0,0.0,0.0,0,(),0.0,0.0
125,PABT Ramp,0.0,0.0,0.0,0,(),0.0,0.0
130,PABT Ramp,0.0,0.0,0.0,0,(),0.0,0.0
135,PABT Ramp,0.0,0.0,0.0,0,(),0.0,0.0
140,PABT Ramp,0.0,0.0,0.0,0,(),0.0,0.0
145,PABT Ramp,0.0,0.0,0.0,0,(),0.0,0.0
150,PABT Ramp,0.0,0.0,0.0,0,(),0.0,0.0
155,PABT Ramp,0.0,0.0,0.0,0,(),0.0,0.0
160,PABT Ramp,0.0,0.0,0.0,0,(),0.0,0.0
165,PABT Ramp,0.0,0.0,0.0,0,(),0.0,0.0
170,PABT Ramp,0.0,0.0,0.0,0,(),0.0,0.0
175,PABT Ramp,0.0,0.0,0.0,0,(),0.0,0.0
180,PABT Ramp,0.0,0.0,0.0,0,(),0.0,0.0
185,PABT Ramp,0.0,0.0,0.0,0,(),0.0,0.0
190,PABT Ramp,0.0,0.0,0.0,0,(),0.0,0.0
195,PABT Ramp,0.0,0.0,0.0,0,(),0.0,0.0
200,PABT Ramp,0.0,0.0,0.0,0,(),0.0,0.0
205,PABT Ramp,0.0,0.0,0.0,0,(),0.0,0.0
210,PABT Ramp,0.0,0.0,0.0,0,(),0.0,0.0
215,PABT Ramp,0.0,0.0,0.0,0,(),0.0,0.0
220,PABT Ramp,0.0,0.0,0.0,0,(),0.0,0.0
225,PABT Ramp,0.0,0.0,0.0,0,(),0.0,0.0
230,PABT Ramp,0.0,0.0,0.0,0,(),0.0,0.0
235,PABT Ramp,0.0,0.0,0.0,0,(),0.0,0.0
240,PABT Ramp,0.0,0.0,0.0,0,(),0.0,0.0
245,PABT Ramp,0.0,0.0,0.0,0,(),0.0,0.0
250,PABT Ramp,0.0,0.0,0.0,0,(),0.0,0.0
255,PABT Ramp,0.0,0.0,0.0,0,(),0.0,0.0
260,PABT Ramp,0.0,0.0,0.0,0,(),0.0,0.0
265,PABT Ramp,0.0,0.0,0.0,0,(),0.0,0.0
270,PABT Ramp,0.0,0.0,0.0,0,(),0.0,0.0
275,PABT Ramp,0.0,0.0,0.0,0,(),0.0,0.0
280,PABT Ramp,0.0,0.0,0.0,0,(),0.0,0.0
285,PABT Ramp,0.0,0.0,0.0,0,(),0.0,0.0
290,PABT Ramp,0.0,0.0,0.0,0,(),0.0,0.0
295,PABT Ramp,0.0,0.0,0.0,0,(),0.0,0.0
300,PABT Ramp,0.0,0.0,0.0,0,(),0.0,0.0
305,PABT Ramp,0.0,0.0,0.0,0,(),0.0,0.0
310,PABT Ramp,0.0,0.0,0.0,0,(),0.0,0.0
315,PABT Ramp,0.0,0.0,0.0,0,(),0.0,0.0
320,PABT Ramp,0.0,0.0,0.0,0,(),0.0,0.0
325,PABT Ramp,0.0,0.0,0.0,0,(),0.0,0.0
330,PABT Ramp,0.0,0.0,0.0,0,(),0.0,0.0
335,PABT Ramp,0.0,0.0,0.0,0,(),0.0,0.0
340,PABT Ramp,0.0,0.0,0.0,0,(),0.0,0.0
345,PABT Ramp,0.0,0.0,0.0,0,(),0.0,0.0
350,PABT Ramp,0.0,0.0,0.0,0,(),0.0,0.0
355,PABT Ramp,0.0,0.0,0.0,0,(),0.0,0.0
360,PABT Ramp,0.0,0.0,0.0,0,(),0.0,0.0
365,PABT Ramp,0.0,0.0,0.0,0,(),0.0,0.0
370,PABT Ramp,0.0,0.0,0.0,0,(),0.0,0.0
375,PABT Ramp,0.0,0.0,0.0,0,(),0.0,0.0
380,PABT Ramp,0.0,0.0,0.0,0,(),0.0,0.0
385,PABT Ramp,0.0,0.0,0.0,0,(),0.0,0.0
390,PABT Ramp,0.0,0.0,0.0,0,(),0.0,0.0
395,PABT Ramp,0.0,0.0,0.0,0,(),0.0,0.0
400,PABT Ramp,0.0,0.0,0.0,0,(),0.0,0.0
405,PABT Ramp,0.0,0.0,0.0,0,(),0.0,0.0
410,PABT Ramp,0.0,0.0,0.0,0,(),0.0,0.0
415,PABT Ramp,0.0,0.0,0.0,0,(),0.0,0.0
420,PABT Ramp,0.0,0.0,0.0,0,(),0.0,0.0
425,PABT Ramp,0.0,0.0,0.0,0,(),0.0,0.0
430,PABT Ramp,0.0,0.0,0.0,0,(),0.0,0.0
435,PABT Ramp,0.0,0.0,0.0,0,(),0.0,0.0
440,PABT Ramp,0.0,0.0,0.0,0,(),0.0,0.0
445,PABT Ramp,0.0,0.0,0.0,0,(),0.0,0.0
450,PABT Ramp,0.0,0.0,0.0,0,(),0.0,0.0
455,PABT Ramp,0.0,0.0,0.0,0,(),0.0,0.0
460,PABT Ramp,0.0,0.0,0.0,0,(),0.0,0.0
465,PABT Ramp,0.0,0.0,0.0,0,(),0.0,0.0
470,PABT Ramp,0.0,0.0,0.0,0,(),0.0,0.0
475,PABT Ramp,0.0,0.0,0.0,0,(),0.0,0.0
480,PABT Ramp,0.0,0.0,0.0,0,(),0.0,0.0
485,PABT Ramp,0.0,0.0,0.0,0,(),0.0,0.0
490,PABT Ramp,0.0,0.0,0.0,0,(),0.0,0.0
495,PABT Ramp,0.0,0.0,0.0,0,(),0.0,0.0
500,PABT Ramp,0.0,0.0,0.0,0,(),0.0,0.0
505,PABT Ramp,0.0,0.0,0.0,0,(),0.0,0.0
510,PABT Ramp,0.0,0.0,0.0,0,(),0.0,0.0
515,PABT Ramp,0.0,0.0,0.0,0,(),0.0,0.0
520,PABT Ramp,0.0,0.0,0.0,0,(),0.0,0.0
525,PABT Ramp,0.0,0.0,0.0,0,(),0.0,0.0
530,PABT Ramp,0.0,0.0,0.0,0,(),0.0,0.0
535,PABT Ramp,0.0,0.0,0.0,0,(),0.0,0.0
540,PABT Ramp,0.0,0.0,0.0,0,(),0.0,0.0
545,PABT Ramp,0.0,0.0,0.0,0,(),0.0,0.0
550,PABT Ramp,0.0,0.0,0.0,0,(),0.0,0.0
555,PABT Ramp,0.0,0.0,0.0,0,(),0.0,0.0
560,PABT Ramp,0.0,0.0,0.0,0,(),0.0,0.0
565,PABT Ramp,0.0,0.0,0.0,0,(),0.0,0.0
570,PABT Ramp,0.0,0.0,0.0,0,(),0.0,0.0
575,PABT Ramp,0.0,0.0,0.0,0,(),0.0,0.0
580,PABT Ramp,0.0,0.0,0.0,0,(),0.0,0.0
585,PABT Ramp,0.0,0.0,0.0,0,(),0.0,0.0
590,PABT Ramp,0.0,0.0,0.0,0,(),0.0,0.0
595,PABT Ramp,0.0,0.0,0.0,0,(),0.0,0.0
600,PABT Ramp,0.0,0.0,0.0,0,(),0.0,0.0
605,PABT Ramp,0.0,0.0,0.0,0,(),0.0,0.0
610,PABT Ramp,0.0,0.0,0.0,0,(),0.0,0.0
615,PABT Ramp,0.0,0.0,0.0,0,(),0.0,0.0
620,PABT Ramp,0.0,0.0,0.0,0,(),0.0,0.0
625,PABT Ramp,0.0,0.0,0.0,0,(),0.0,0.0
630,PABT Ramp,0.0,0.0,0.0,0,(),0.0,0.0
635,PABT Ramp,0.0,0.0,0.0,0,(),0.0,0.0
640,PABT Ramp,0.0,0.0,0.0,0,(),0.0,0.0
645,PABT Ramp,0.0,0.0,0.0,0,(),0.0,0.0
650,PABT Ramp,0.0,0.0,0.0,0,(),0.0,0.0
655,PABT Ramp,0.0,0.0,0.0,0,(),0.0,0.0
660,PABT Ramp,0.0,0.0,0.0,0,(),0.0,0.0
665,PABT Ramp,0.0,0.0,0.0,0,(),0.0,0.0
670,PABT Ramp,0.0,0.0,0.0,0,(),0.0,0.0
675,PABT Ramp,0.0,0.0,0.0,0,(),0.0,0.0
680,PABT Ramp,0.0,0.0,0.0,0,(),0.0,0.0
685,PABT Ramp,0.0,0.0,0.0,0,(),0.0,0.0
690,PABT Ramp,0.0,0.0,0.0,0,(),0.0,0.0
695,PABT Ramp,0.0,0.0,0.0,0,(),0.0,0.0
700,PABT Ramp,0.0,0.0,0.0,0,(),0.0,0.0
705,PABT Ramp,0.0,0.0,0.0,0,(),0.0,0.0
710,PABT Ramp,0.0,0.0,0.0,0,(),0.0,0.0
715,PABT Ramp,0.0,0.0,0.0,0,(),0.0,0.0
720,PABT Ramp,0.0,0.0,0.0,0,(),0.0,0.0
725,PABT Ramp,0.0,0.0,0.0,0,(),0.0,0.0
730,PABT Ramp,0.0,0.0,0.0,0,(),0.0,0.0
735,PABT Ramp,0.0,0.0,0.0,0,(),0.0,0.0
740,PABT Ramp,0.0,0.0,0.0,0,(),0.0,0.0
745,PABT Ramp,0.0,0.0,0.0,0,(),0.0,0.0
750,PABT Ramp,0.0,0.0,0.0,0,(),0.0,0.0
755,PABT Ramp,0.0,0.0,0.0,0,(),0.0,0.0
760,PABT Ramp,0.0,0.0,0.0,0,(),0.0,0.0
765,PABT Ramp,0.0,0.0,0.0,0,(),0.0,0.0
770,PABT Ramp,0.0,0.0,0.0,0,(),0.0,0.0
775,PABT Ramp,0.0,0.0,0.0,0,(),0.0,0.0
780,PABT Ramp,0.0,0.0,0.0,0,(),0.0,0.0
785,PABT Ramp,0.0,0.0,0.0,0,(),0.0,0.0
790,PABT Ramp,0.0,0.0,0.0,0,(),0.0,0.0
795,PABT Ramp,0.0,0.0,0.0,0,(),0.0,0.0
800,PABT Ramp,0.0,0.0,0.0,0,(),0.0,0.0
805,PABT Ramp,0.0,0.0,0.0,0,(),0.0,0.0
810,PABT Ramp,0.0,0.0,0.0,0,(),0.0,0.0
815,PABT Ramp,0.0,0.0,0.0,0,(),0.0,0.0
820,PABT Ramp,0.0,0.0,0.0,0,(),0.0,0.0
825,PABT Ramp,0.0,0.0,0.0,0,(),0.0,0.0
830,PABT Ramp,0.0,0.0,0.0,0,(),0.0,0.0
835,PABT Ramp,0.0,0.0,0.0,0,(),0.0,0.0
840,PABT Ramp,0.0,0.0,0.0,0,(),0.0,0.0
845,PABT Ramp,0.0,0.0,0.0,0,(),0.0,0.0
850,PABT Ramp,0.0,0.0,0.0,0,(),0.0,0.0
855,PABT Ramp,0.0,0.0,0.0,0,(),0.0,0.0
860,PABT Ramp,0.0,0.0,0.0,0,(),0.0,0.0
865,PABT Ramp,0.0,0.0,0.0,0,(),0.0,0.0
870,PABT Ramp,0.0,0.0,0.0,0,(),0.0,0.0
875,PABT Ramp,0.0,0.0,0.0,0,(),0.0,0.0
880,PABT Ramp,0.0,0.0,0.0,0,(),0.0,0.0
885,PABT Ramp,0.0,0.0,0.0,0,(),0.0,0.0
890,PABT Ramp,0.0,0.0,0.0,0,(),0.0,0.0
895,PABT Ramp,0.0,0.0,0.0,0,(),0.0,0.0
900,PABT Ramp,0.0,0.0,0.0,0,(),0.0,0.0
905,PABT Ramp,0.0,0.0,0.0,0,(),0.0,0.0
910,PABT Ramp,0.0,0.0,0.0,0,(),0.0,0.0
915,PABT Ramp,0.0,0.0,0.0,0,(),0.0,0.0
920,PABT Ramp,0.0,0.0,0.0,0,(),0.0,0.0
925,PABT Ramp,0.0,0.0,0.0,0,(),0.0,0.0
930,PABT Ramp,0.0,0.0,0.0,0,(),0.0,0.0
935,PABT Ramp,0.0,0.0,0.0,0,(),0.0,0.0
940,PABT Ramp,0.0,0.0,0.0,0,(),0.0,0.0
945,PABT Ramp,0.0,0.0,0.0,0,(),0.0,0.0
950,PABT Ramp,0.0,0.0,0.0,0,(),0.0,0.0
955,PABT Ramp,0.0,0.0,0.0,0,(),0.0,0.0
960,PABT Ramp,0.0,0.0,0.0,0,(),0.0,0.0
965,PABT Ramp,0.0,0.0,0.0,0,(),0.0,0.0
970,PABT Ramp,0.0,0.0,0.0,0,(),0.0,0.0
975,PABT Ramp,0.0,0.0,0.0,0,(),0.0,0.0
980,PABT Ramp,0.0,0.0,0.0,0,(),0.0,0.0
985,PABT Ramp,0.0,0.0,0.0,0,(),0.0,0.0
990,PABT Ramp,0.0,0.0,0.0,0,(),0.0,0.0
995,PABT Ramp,0.0,0.0,0.0,0,(),0.0,0.0
1000,PABT Ramp,0.0,0.0,0.0,0,(),0.0,0.0
1005,PABT Ramp,0.0,0.0,0.0,0,(),0.0,0.0
1010,PABT Ramp,0.0,0.0,0.0,0,(),0.0,0.0
1015,PABT Ramp,0.0,0.0,0.0,0,(),0.0,0.0
1020,PABT Ramp,0.0,0.0,0.0,0,(),0.0,0.0
1025,PABT Ramp,0.0,0.0,0.0,0,(),0.0,0.0
1030,PABT Ramp,0.0,0.0,0.0,0,(),0.0,0.0
1035,PABT Ramp,0.0,0.0,0.0,0,(),0.0,0.0
1040,PABT Ramp,0.0,0.0,0.0,0,(),0.0,0.0
1045,PABT Ramp,0.0,0.0,0.0,0,(),0.0,0.0
1050,PABT Ramp,0.0,0.0,0.0,0,(),0.0,0.0
1055,PABT Ramp,0.0,0.0,0.0,0,(),0.0,0.0
1060,PABT Ramp,0.0,0.0,0.0,0,(),0.0,0.0
1065,PABT Ramp,0.0,0.0,0.0,0,(),0.0,0.0
1070,PABT Ramp,0.0,0.0,0.0,0,(),0.0,0.0
1075,PABT Ramp,0.0,0.0,0.0,0,(),0.0,0.0
1080,PABT Ramp,0.0,0.0,0.0,0,(),0.0,0.0
1085,PABT Ramp,0.0,0.0,0.0,0,(),0.0,0.0
1090,PABT Ramp,0.0,0.0,0.0,0,(),0.0,0.0
1095,PABT Ramp,0.0,0.0,0.0,0,(),0.0,0.0
1100,PABT Ramp,0.0,0.0,0.0,0,(),0.0,0.0
1105,PABT Ramp,0.0,0.0,0.0,0,(),0.0,0.0
1110,PABT Ramp,0.0,0.0,0.0,0,(),0.0,0.0
1115,PABT Ramp,0.0,0.0,0.0,0,(),0.0,0.0
1120,PABT Ramp,0.0,0.0,0.0,0,(),0.0,0.0
1125,PABT Ramp,0.0,0.0,0.0,0,(),0.0,0.0
1130,PABT Ramp,0.0,0.0,0.0,0,(),0.0,0.0
1135,PABT Ramp,0.0,0.0,0.0,0,(),0.0,0.0
1140,PABT Ramp,0.0,0.0,0.0,0,(),0.0,0.0
1145,PABT Ramp,0.0,0.0,0.0,0,(),0.0,0.0
1150,PABT Ramp,0.0,0.0,0.0,0,(),0.0,0.0
1155,PABT Ramp,0.0,0.0,0.0,0,(),0.0,0.0
1160,PABT Ramp,0.0,0.0,0.0,0,(),0.0,0.0
1165,PABT Ramp,0.0,0.0,0.0,0,(),0.0,0.0
1170,PABT Ramp,0.0,0.0,0.0,0,(),0.0,0.0
1175,PABT Ramp,0.0,0.0,0.0,0,(),0.0,0.0
1180,PABT Ramp,0.0,0.0,0.0,0,(),0.0,0.0
1185,PABT Ramp,0.0,0.0,0.0,0,(),0.0,0.0
1190,PABT Ramp,0.0,0.0,0.0,0,(),0.0,0.0
1195,PABT Ramp,0.0,0.0,0.0,0,(),0.0,0.0
1200,PABT Ramp,0.0,0.0,0.0,0,(),0.0,0.0
1205,PABT Ramp,0.0,0.0,0.0,0,(),0.0,0.0
1210,PABT Ramp,0.0,0.0,0.0,0,(),0.0,0.0
1215,PABT Ramp,0.0,0.0,0.0,0,(),0.0,0.0
1220,PABT Ramp,0.0,0.0,0.0,0,(),0.0,0.0
1225,PABT Ramp,0.0,0.0,0.0,0,(),0.0,0.0
1230,PABT Ramp,0.0,0.0,0.0,0,(),0.0,0.0
1235,PABT Ramp,0.0,0.0,0.0,0,(),0.0,0.0
1240,PABT Ramp,0.0,0.0,0.0,0,(),0.0,0.0
1245,PABT Ramp,0.0,0.0,0.0,0,(),0.0,0.0
1250,PABT Ramp,0.0,0.0,0.0,0,(),0.0,0.0
1255,PABT Ramp,0.0,0.0,0.0,0,(),0.0,0.0
1260,PABT Ramp,0.0,0.0,0.0,0,(),0.0,0.0
1265,PABT Ramp,0.0,0.0,0.0,0,(),0.0,0.0
1270,PABT Ramp,0.0,0.0,0.0,0,(),0.0,0.0
1275,PABT Ramp,0.0,0.0,0.0,0,(),0.0,0.0
1280,PABT Ramp,0.0,0.0,0.0,0,(),0.0,0.0
1285,PABT Ramp,0.0,0.0,0.0,0,(),0.0,0.0
1290,PABT Ramp,0.0,0.0,0.0,0,(),0.0,0.0
1295,PABT Ramp,0.0,0.0,0.0,0,(),0.0,0.0
1300,PABT Ramp,0.0,0.0,0.0,0,(),0.0,0.0
1305,PABT Ramp,0.0,0.0,0.0,0,(),0.0,0.0
1310,PABT Ramp,0.0,0.0,0.0,0,(),0.0,0.0
1315,PABT Ramp,0.0,0.0,0.0,0,(),0.0,0.0
1320,PABT Ramp,0.0,0.0,0.0,0,(),0.0,0.0
1325,PABT Ramp,0.0,0.0,0.0,0,(),0.0,0.0
1330,PABT Ramp,0.0,0.0,0.0,0,(),0.0,0.0
1335,PABT Ramp,0.0,0.0,0.0,0,(),0.0,0.0
1340,PABT Ramp,0.0,0.0,0.0,0,(),0.0,0.0
1345,PABT Ramp,0.0,0.0,0.0,0,(),0.0,0.0
1350,PABT Ramp,0.0,0.0,0.0,0,(),0.0,0.0
1355,PABT Ramp,0.0,0.0,0.0,0,(),0.0,0.0
1360,PABT Ramp,0.0,0.0,0.0,0,(),0.0,0.0
1365,PABT Ramp,0.0,0.0,0.0,0,(),0.0,0.0
1370,PABT Ramp,0.0,0.0,0.0,0,(),0.0,0.0
1375,PABT Ramp,0.0,0.0,0.0,0,(),0.0,0.0
1380,PABT Ramp,0.0,0.0,0.0,0,(),0.0,0.0
1385,PABT Ramp,0.0,0.0,0.0,0,(),0.0,0.0
1390,PABT Ramp,0.0,0.0,0.0,0,(),0.0,0.0
1395,PABT Ramp,0.0,0.0,0.0,0,(),0.0,0.0
1400,PABT Ramp,0.0,0.0,0.0,0,(),0.0,0.0
1405,PABT Ramp,0.0,0.0,0.0,0,(),0.0,0.0
1410,PABT Ramp,0.0,0.0,0.0,0,(),0.0,0.0
1415,PABT Ramp,0.0,0.0,0.0,0,(),0.0,0.0
1420,PABT Ramp,0.0,0.0,0.0,0,(),0.0,0.0
1425,PABT Ramp,0.0,0.0,0.0,0,(),0.0,0.0
1430,PABT Ramp,0.0,0.0,0.0,0,(),0.0,0.0
1435,PABT Ramp,0.0,0.0,0.0,0,(),0.0,0.0
1440,PABT Ramp,0.0,0.0,0.0,0,(),0.0,0.0
1445,PABT Ramp,0.0,0.0,0.0,0,(),0.0,0.0
1450,PABT Ramp,0.0,0.0,0.0,0,(),0.0,0.0
1455,PABT Ramp,0.0,0.0,0.0,0,(),0.0,0.0
1460,PABT Ramp,0.0,0.0,0.0,0,(),0.0,0.0
1465,PABT Ramp,0.0,0.0,0.0,0,(),0.0,0.0
1470,PABT Ramp,0.0,0.0,0.0,0,(),0.0,0.0
1475,PABT Ramp,0.0,0.0,0.0,0,(),0.0,0.0
1480,PABT Ramp,0.0,0.0,0.0,0,(),0.0,0.0
1485,PABT Ramp,0.0,0.0,0.0,0,(),0.0,0.0
1490,PABT Ramp,0.0,0.0,0.0,0,(),0.0,0.0
1495,PABT Ramp,0.0,0.0,0.0,0,(),0.0,0.0
1500,PABT Ramp,0.0,0.0,0.0,0,(),0.0,0.0
1505,PABT Ramp,0.0,0.0,0.0,0,(),0.0,0.0
1510,PABT Ramp,0.0,0.0,0.0,0,(),0.0,0.0
1515,PABT Ramp,0.0,0.0,0.0,0,(),0.0,0.0
1520,PABT Ramp,0.0,0.0,0.0,0,(),0.0,0.0
1525,PABT Ramp,0.0,0.0,0.0,0,(),0.0,0.0
1530,PABT Ramp,0.0,0.0,0.0,0,(),0.0,0.0
1535,PABT Ramp,0.0,0.0,0.0,0,(),0.0,0.0
1540,PABT Ramp,0.0,0.0,0.0,0,(),0.0,0.0
1545,PABT Ramp,0.0,0.0,0.0,0,(),0.0,0.0
1550,PABT Ramp,0.0,0.0,0.0,0,(),0.0,0.0
1555,PABT Ramp,0.0,0.0,0.0,0,(),0.0,0.0
1560,PABT Ramp,0.0,0.0,0.0,0,(),0.0,0.0
1565,PABT Ramp,0.0,0.0,0.0,0,(),0.0,0.0
1570,PABT Ramp,0.0,0.0,0.0,0,(),0.0,0.0
1575,PABT Ramp,0.0,0.0,0.0,0,(),0.0,0.0
1580,PABT Ramp,0.0,0.0,0.0,0,(),0.0,0.0
1585,PABT Ramp,0.0,0.0,0.0,0,(),0.0,0.0
1590,PABT Ramp,0.0,0.0,0.0,0,(),0.0,0.0
1595,PABT Ramp,0.0,0.0,0.0,0,(),0.0,0.0
1600,PABT Ramp,0.0,0.0,0.0,0,(),0.0,0.0
1605,PABT Ramp,0.0,0.0,0.0,0,(),0.0,0.0
1610,PABT Ramp,0.0,0.0,0.0,0,(),0.0,0.0
1615,PABT Ramp,0.0,0.0,0.0,0,(),0.0,0.0
1620,PABT Ramp,0.0,0.0,0.0,0,(),0.0,0.0
1625,PABT Ramp,0.0,0.0,0.0,0,(),0.0,0.0
1630,PABT Ramp,0.0,0.0,0.0,0,"('ped4733',)",0.0,0.0
1635,PABT Ramp,0.0,0.0,0.0,0,"('ped4733',)",0.0,0.0
1640,PABT Ramp,0.0,0.0,0.0,0,"('ped4733',)",0.0,0.0
1645,PABT Ramp,0.0,0.0,0.0,0,"('ped4733',)",0.0,0.0
1650,PABT Ramp,0.0,0.0,0.0,0,"('ped4733',)",0.0,0.0
1655,PABT Ramp,0.0,0.0,0.0,0,"('ped4733',)",0.0,0.0
1660,PABT Ramp,0.0,0.0,0.0,0,"('ped4733',)",0.0,0.0
1665,PABT Ramp,0.0,0.0,0.0,0,"('ped4733',)",0.0,0.0
1670,PABT Ramp,0.0,0.0,0.0,0,"('ped4733',)",0.0,0.0
1675,PABT Ramp,0.0,0.0,0.0,0,"('ped4733',)",0.0,0.0
1680,PABT Ramp,0.0,0.0,0.0,0,"('ped4733',)",0.0,0.0
1685,PABT Ramp,0.0,0.0,0.0,0,"('ped4733',)",0.0,0.0
1690,PABT Ramp,0.0,0.0,0.0,0,"('ped4733',)",0.0,0.0
1695,PABT Ramp,0.0,0.0,0.0,0,"('ped4733',)",0.0,0.0
1700,PABT Ramp,0.0,0.0,0.0,0,"('ped4733',)",0.0,0.0
1705,PABT Ramp,0.0,0.0,0.0,0,"('ped4733',)",0.0,0.0
1710,PABT Ramp,0.0,0.0,0.0,0,"('ped4733',)",0.0,0.0
1715,PABT Ramp,0.0,0.0,0.0,0,"('ped4733',)",0.0,0.0
1720,PABT Ramp,0.0,0.0,0.0,0,"('ped4733',)",0.0,0.0
1725,PABT Ramp,0.0,0.0,0.0,0,"('ped4733',)",0.0,0.0
1730,PABT Ramp,0.0,0.0,0.0,0,"('ped4733',)",0.0,0.0
1735,PABT Ramp,0.0,0.0,0.0,0,(),0.0,0.0
1740,PABT Ramp,0.0,0.0,0.0,0,(),0.0,0.0
1745,PABT Ramp,0.0,0.0,0.0,0,(),0.0,0.0
1750,PABT Ramp,0.0,0.0,0.0,0,(),0.0,0.0
1755,PABT Ramp,0.0,0.0,0.0,0,(),0.0,0.0
1760,PABT Ramp,0.0,0.0,0.0,0,(),0.0,0.0
1765,PABT Ramp,0.0,0.0,0.0,0,(),0.0,0.0
1770,PABT Ramp,0.0,0.0,0.0,0,(),0.0,0.0
1775,PABT Ramp,0.0,0.0,0.0,0,(),0.0,0.0
1780,PABT Ramp,0.0,0.0,0.0,0,(),0.0,0.0
1785,PABT Ramp,0.0,0.0,0.0,0,(),0.0,0.0
1790,PABT Ramp,0.0,0.0,0.0,0,(),0.0,0.0
1795,PABT Ramp,0.0,0.0,0.0,0,(),0.0,0.0
1800,PABT Ramp,0.0,0.0,0.0,0,(),0.0,0.0
1805,PABT Ramp,0.0,0.0,0.0,0,(),0.0,0.0
1810,PABT Ramp,0.0,0.0,0.0,0,(),0.0,0.0
1815,PABT Ramp,0.0,0.0,0.0,0,(),0.0,0.0
1820,PABT Ramp,0.0,0.0,0.0,0,(),0.0,0.0
1825,PABT Ramp,0.0,0.0,0.0,0,(),0.0,0.0
1830,PABT Ramp,0.0,0.0,0.0,0,(),0.0,0.0
1835,PABT Ramp,0.0,0.0,0.0,0,(),0.0,0.0
1840,PABT Ramp,0.0,0.0,0.0,0,(),0.0,0.0
1845,PABT Ramp,0.0,0.0,0.0,0,(),0.0,0.0
1850,PABT Ramp,0.0,0.0,0.0,0,(),0.0,0.0
1855,PABT Ramp,0.0,0.0,0.0,0,(),0.0,0.0
1860,PABT Ramp,0.0,0.0,0.0,0,(),0.0,0.0
1865,PABT Ramp,0.0,0.0,0.0,0,(),0.0,0.0
1870,PABT Ramp,0.0,0.0,0.0,0,(),0.0,0.0
1875,PABT Ramp,0.0,0.0,0.0,0,(),0.0,0.0
1880,PABT Ramp,0.0,0.0,0.0,0,(),0.0,0.0
1885,PABT Ramp,0.0,0.0,0.0,0,(),0.0,0.0
1890,PABT Ramp,0.0,0.0,0.0,0,(),0.0,0.0
1895,PABT Ramp,0.0,0.0,0.0,0,(),0.0,0.0
1900,PABT Ramp,0.0,0.0,0.0,0,(),0.0,0.0
1905,PABT Ramp,0.0,0.0,0.0,0,(),0.0,0.0
1910,PABT Ramp,0.0,0.0,0.0,0,(),0.0,0.0
1915,PABT Ramp,0.0,0.0,0.0,0,(),0.0,0.0
1920,PABT Ramp,0.0,0.0,0.0,0,(),0.0,0.0
1925,PABT Ramp,0.0,0.0,0.0,0,(),0.0,0.0
1930,PABT Ramp,0.0,0.0,0.0,0,(),0.0,0.0
1935,PABT Ramp,0.0,0.0,0.0,0,(),0.0,0.0
1940,PABT Ramp,0.0,0.0,0.0,0,(),0.0,0.0
1945,PABT Ramp,0.0,0.0,0.0,0,(),0.0,0.0
1950,PABT Ramp,0.0,0.0,0.0,0,(),0.0,0.0
1955,PABT Ramp,0.0,0.0,0.0,0,(),0.0,0.0
1960,PABT Ramp,0.0,0.0,0.0,0,(),0.0,0.0
1965,PABT Ramp,0.0,0.0,0.0,0,(),0.0,0.0
1970,PABT Ramp,0.0,0.0,0.0,0,(),0.0,0.0
1975,PABT Ramp,0.0,0.0,0.0,0,(),0.0,0.0
1980,PABT Ramp,0.0,0.0,0.0,0,(),0.0,0.0
1985,PABT Ramp,0.0,0.0,0.0,0,(),0.0,0.0
1990,PABT Ramp,0.0,0.0,0.0,0,(),0.0,0.0
1995,PABT Ramp,0.0,0.0,0.0,0,(),0.0,0.0
2000,PABT Ramp,0.0,0.0,0.0,0,(),0.0,0.0
2005,PABT Ramp,0.0,0.0,0.0,0,(),0.0,0.0
2010,PABT Ramp,0.0,0.0,0.0,0,(),0.0,0.0
2015,PABT Ramp,0.0,0.0,0.0,0,(),0.0,0.0
2020,PABT Ramp,0.0,0.0,0.0,0,(),0.0,0.0
2025,PABT Ramp,0.0,0.0,0.0,0,(),0.0,0.0
2030,PABT Ramp,0.0,0.0,0.0,0,(),0.0,0.0
2035,PABT Ramp,0.0,0.0,0.0,0,(),0.0,0.0
2040,PABT Ramp,0.0,0.0,0.0,0,(),0.0,0.0
2045,PABT Ramp,0.0,0.0,0.0,0,(),0.0,0.0
2050,PABT Ramp,0.0,0.0,0.0,0,(),0.0,0.0
2055,PABT Ramp,0.0,0.0,0.0,0,(),0.0,0.0
2060,PABT Ramp,0.0,0.0,0.0,0,(),0.0,0.0
2065,PABT Ramp,0.0,0.0,0.0,0,(),0.0,0.0
2070,PABT Ramp,0.0,0.0,0.0,0,(),0.0,0.0
2075,PABT Ramp,0.0,0.0,0.0,0,(),0.0,0.0
2080,PABT Ramp,0.0,0.0,0.0,0,(),0.0,0.0
2085,PABT Ramp,0.0,0.0,0.0,0,(),0.0,0.0
2090,PABT Ramp,0.0,0.0,0.0,0,(),0.0,0.0
2095,PABT Ramp,0.0,0.0,0.0,0,(),0.0,0.0
2100,PABT Ramp,0.0,0.0,0.0,0,(),0.0,0.0
2105,PABT Ramp,0.0,0.0,0.0,0,(),0.0,0.0
2110,PABT Ramp,0.0,0.0,0.0,0,(),0.0,0.0
2115,PABT Ramp,0.0,0.0,0.0,0,(),0.0,0.0
2120,PABT Ramp,0.0,0.0,0.0,0,(),0.0,0.0
2125,PABT Ramp,0.0,0.0,0.0,0,(),0.0,0.0
2130,PABT Ramp,0.0,0.0,0.0,0,(),0.0,0.0
2135,PABT Ramp,0.0,0.0,0.0,0,(),0.0,0.0
2140,PABT Ramp,0.0,0.0,0.0,0,(),0.0,0.0
2145,PABT Ramp,0.0,0.0,0.0,0,(),0.0,0.0
2150,PABT Ramp,0.0,0.0,0.0,0,(),0.0,0.0
2155,PABT Ramp,0.0,0.0,0.0,0,(),0.0,0.0
2160,PABT Ramp,0.0,0.0,0.0,0,(),0.0,0.0
2165,PABT Ramp,0.0,0.0,0.0,0,(),0.0,0.0
2170,PABT Ramp,0.0,0.0,0.0,0,(),0.0,0.0
2175,PABT Ramp,0.0,0.0,0.0,0,(),0.0,0.0
2180,PABT Ramp,0.0,0.0,0.0,0,(),0.0,0.0
2185,PABT Ramp,0.0,0.0,0.0,0,(),0.0,0.0
2190,PABT Ramp,0.0,0.0,0.0,0,(),0.0,0.0
2195,PABT Ramp,0.0,0.0,0.0,0,(),0.0,0.0
2200,PABT Ramp,0.0,0.0,0.0,0,(),0.0,0.0
2205,PABT Ramp,0.0,0.0,0.0,0,(),0.0,0.0
2210,PABT Ramp,0.0,0.0,0.0,0,(),0.0,0.0
2215,PABT Ramp,0.0,0.0,0.0,0,(),0.0,0.0
2220,PABT Ramp,0.0,0.0,0.0,0,(),0.0,0.0
2225,PABT Ramp,0.0,0.0,0.0,0,(),0.0,0.0
2230,PABT Ramp,0.0,0.0,0.0,0,(),0.0,0.0
2235,PABT Ramp,0.0,0.0,0.0,0,(),0.0,0.0
2240,PABT Ramp,0.0,0.0,0.0,0,(),0.0,0.0
2245,PABT Ramp,0.0,0.0,0.0,0,(),0.0,0.0
2250,PABT Ramp,0.0,0.0,0.0,0,(),0.0,0.0
2255,PABT Ramp,0.0,0.0,0.0,0,(),0.0,0.0
2260,PABT Ramp,0.0,0.0,0.0,0,(),0.0,0.0
2265,PABT Ramp,0.0,0.0,0.0,0,(),0.0,0.0
2270,PABT Ramp,0.0,0.0,0.0,0,(),0.0,0.0
2275,PABT Ramp,0.0,0.0,0.0,0,(),0.0,0.0
2280,PABT Ramp,0.0,0.0,0.0,0,(),0.0,0.0
2285,PABT Ramp,0.0,0.0,0.0,0,(),0.0,0.0
2290,PABT Ramp,0.0,0.0,0.0,0,(),0.0,0.0
2295,PABT Ramp,0.0,0.0,0.0,0,(),0.0,0.0
2300,PABT Ramp,0.0,0.0,0.0,0,(),0.0,0.0
2305,PABT Ramp,0.0,0.0,0.0,0,(),0.0,0.0
2310,PABT Ramp,0.0,0.0,0.0,0,(),0.0,0.0
2315,PABT Ramp,0.0,0.0,0.0,0,(),0.0,0.0
2320,PABT Ramp,0.0,0.0,0.0,0,(),0.0,0.0
2325,PABT Ramp,0.0,0.0,0.0,0,(),0.0,0.0
2330,PABT Ramp,0.0,0.0,0.0,0,(),0.0,0.0
2335,PABT Ramp,0.0,0.0,0.0,0,(),0.0,0.0
2340,PABT Ramp,0.0,0.0,0.0,0,(),0.0,0.0
2345,PABT Ramp,0.0,0.0,0.0,0,(),0.0,0.0
2350,PABT Ramp,0.0,0.0,0.0,0,(),0.0,0.0
2355,PABT Ramp,0.0,0.0,0.0,0,(),0.0,0.0
2360,PABT Ramp,0.0,0.0,0.0,0,(),0.0,0.0
2365,PABT Ramp,0.0,0.0,0.0,0,(),0.0,0.0
2370,PABT Ramp,0.0,0.0,0.0,0,(),0.0,0.0
2375,PABT Ramp,0.0,0.0,0.0,0,(),0.0,0.0
2380,PABT Ramp,0.0,0.0,0.0,0,(),0.0,0.0
2385,PABT Ramp,0.0,0.0,0.0,0,(),0.0,0.0
2390,PABT Ramp,0.0,0.0,0.0,0,(),0.0,0.0
2395,PABT Ramp,0.0,0.0,0.0,0,(),0.0,0.0
2400,PABT Ramp,0.0,0.0,0.0,0,(),0.0,0.0
2405,PABT Ramp,0.0,0.0,0.0,0,(),0.0,0.0
2410,PABT Ramp,0.0,0.0,0.0,0,(),0.0,0.0
2415,PABT Ramp,0.0,0.0,0.0,0,(),0.0,0.0
2420,PABT Ramp,0.0,0.0,0.0,0,(),0.0,0.0
2425,PABT Ramp,0.0,0.0,0.0,0,(),0.0,0.0
2430,PABT Ramp,0.0,0.0,0.0,0,(),0.0,0.0
2435,PABT Ramp,0.0,0.0,0.0,0,(),0.0,0.0
2440,PABT Ramp,0.0,0.0,0.0,0,(),0.0,0.0
2445,PABT Ramp,0.0,0.0,0.0,0,(),0.0,0.0
2450,PABT Ramp,0.0,0.0,0.0,0,(),0.0,0.0
2455,PABT Ramp,0.0,0.0,0.0,0,(),0.0,0.0
2460,PABT Ramp,0.0,0.0,0.0,0,(),0.0,0.0
2465,PABT Ramp,0.0,0.0,0.0,0,(),0.0,0.0
2470,PABT Ramp,0.0,0.0,0.0,0,(),0.0,0.0
2475,PABT Ramp,0.0,0.0,0.0,0,(),0.0,0.0
2480,PABT Ramp,0.0,0.0,0.0,0,(),0.0,0.0
2485,PABT Ramp,0.0,0.0,0.0,0,(),0.0,0.0
2490,PABT Ramp,0.0,0.0,0.0,0,(),0.0,0.0
2495,PABT Ramp,0.0,0.0,0.0,0,(),0.0,0.0
2500,PABT Ramp,0.0,0.0,0.0,0,(),0.0,0.0
2505,PABT Ramp,0.0,0.0,0.0,0,(),0.0,0.0
2510,PABT Ramp,0.0,0.0,0.0,0,(),0.0,0.0
2515,PABT Ramp,0.0,0.0,0.0,0,(),0.0,0.0
2520,PABT Ramp,0.0,0.0,0.0,0,(),0.0,0.0
2525,PABT Ramp,0.0,0.0,0.0,0,(),0.0,0.0
2530,PABT Ramp,0.0,0.0,0.0,0,(),0.0,0.0
2535,PABT Ramp,0.0,0.0,0.0,0,(),0.0,0.0
2540,PABT Ramp,0.0,0.0,0.0,0,(),0.0,0.0
2545,PABT Ramp,0.0,0.0,0.0,0,(),0.0,0.0
2550,PABT Ramp,0.0,0.0,0.0,0,(),0.0,0.0
2555,PABT Ramp,0.0,0.0,0.0,0,(),0.0,0.0
2560,PABT Ramp,0.0,0.0,0.0,0,(),0.0,0.0
2565,PABT Ramp,0.0,0.0,0.0,0,(),0.0,0.0
2570,PABT Ramp,0.0,0.0,0.0,0,(),0.0,0.0
2575,PABT Ramp,0.0,0.0,0.0,0,(),0.0,0.0
2580,PABT Ramp,0.0,0.0,0.0,0,(),0.0,0.0
2585,PABT Ramp,0.0,0.0,0.0,0,(),0.0,0.0
2590,PABT Ramp,0.0,0.0,0.0,0,(),0.0,0.0
2595,PABT Ramp,0.0,0.0,0.0,0,(),0.0,0.0
2600,PABT Ramp,0.0,0.0,0.0,0,(),0.0,0.0
2605,PABT Ramp,0.0,0.0,0.0,0,(),0.0,0.0
2610,PABT Ramp,0.0,0.0,0.0,0,(),0.0,0.0
2615,PABT Ramp,0.0,0.0,0.0,0,(),0.0,0.0
2620,PABT Ramp,0.0,0.0,0.0,0,(),0.0,0.0
2625,PABT Ramp,0.0,0.0,0.0,0,(),0.0,0.0
2630,PABT Ramp,0.0,0.0,0.0,0,(),0.0,0.0
2635,PABT Ramp,0.0,0.0,0.0,0,(),0.0,0.0
2640,PABT Ramp,0.0,0.0,0.0,0,(),0.0,0.0
2645,PABT Ramp,0.0,0.0,0.0,0,(),0.0,0.0
2650,PABT Ramp,0.0,0.0,0.0,0,(),0.0,0.0
2655,PABT Ramp,0.0,0.0,0.0,0,(),0.0,0.0
2660,PABT Ramp,0.0,0.0,0.0,0,(),0.0,0.0
2665,PABT Ramp,0.0,0.0,0.0,0,(),0.0,0.0
2670,PABT Ramp,0.0,0.0,0.0,0,(),0.0,0.0
2675,PABT Ramp,0.0,0.0,0.0,0,(),0.0,0.0
2680,PABT Ramp,0.0,0.0,0.0,0,(),0.0,0.0
2685,PABT Ramp,0.0,0.0,0.0,0,(),0.0,0.0
2690,PABT Ramp,0.0,0.0,0.0,0,(),0.0,0.0
2695,PABT Ramp,0.0,0.0,0.0,0,(),0.0,0.0
2700,PABT Ramp,0.0,0.0,0.0,0,(),0.0,0.0
2705,PABT Ramp,0.0,0.0,0.0,0,(),0.0,0.0
2710,PABT Ramp,0.0,0.0,0.0,0,(),0.0,0.0
2715,PABT Ramp,0.0,0.0,0.0,0,(),0.0,0.0
2720,PABT Ramp,0.0,0.0,0.0,0,(),0.0,0.0
2725,PABT Ramp,0.0,0.0,0.0,0,(),0.0,0.0
2730,PABT Ramp,0.0,0.0,0.0,0,(),0.0,0.0
2735,PABT Ramp,0.0,0.0,0.0,0,(),0.0,0.0
2740,PABT Ramp,0.0,0.0,0.0,0,(),0.0,0.0
2745,PABT Ramp,0.0,0.0,0.0,0,(),0.0,0.0
2750,PABT Ramp,0.0,0.0,0.0,0,(),0.0,0.0
2755,PABT Ramp,0.0,0.0,0.0,0,(),0.0,0.0
2760,PABT Ramp,0.0,0.0,0.0,0,(),0.0,0.0
2765,PABT Ramp,0.0,0.0,0.0,0,(),0.0,0.0
2770,PABT Ramp,0.0,0.0,0.0,0,(),0.0,0.0
2775,PABT Ramp,0.0,0.0,0.0,0,(),0.0,0.0
2780,PABT Ramp,0.0,0.0,0.0,0,(),0.0,0.0
2785,PABT Ramp,0.0,0.0,0.0,0,(),0.0,0.0
2790,PABT Ramp,0.0,0.0,0.0,0,(),0.0,0.0
2795,PABT Ramp,0.0,0.0,0.0,0,(),0.0,0.0
2800,PABT Ramp,0.0,0.0,0.0,0,(),0.0,0.0
2805,PABT Ramp,0.0,0.0,0.0,0,(),0.0,0.0
2810,PABT Ramp,0.0,0.0,0.0,0,(),0.0,0.0
2815,PABT Ramp,0.0,0.0,0.0,0,(),0.0,0.0
2820,PABT Ramp,0.0,0.0,0.0,0,(),0.0,0.0
2825,PABT Ramp,0.0,0.0,0.0,0,(),0.0,0.0
2830,PABT Ramp,0.0,0.0,0.0,0,(),0.0,0.0
2835,PABT Ramp,0.0,0.0,0.0,0,(),0.0,0.0
2840,PABT Ramp,0.0,0.0,0.0,0,(),0.0,0.0
2845,PABT Ramp,0.0,0.0,0.0,0,(),0.0,0.0
2850,PABT Ramp,0.0,0.0,0.0,0,(),0.0,0.0
2855,PABT Ramp,0.0,0.0,0.0,0,(),0.0,0.0
2860,PABT Ramp,0.0,0.0,0.0,0,(),0.0,0.0
2865,PABT Ramp,0.0,0.0,0.0,0,(),0.0,0.0
2870,PABT Ramp,0.0,0.0,0.0,0,(),0.0,0.0
2875,PABT Ramp,0.0,0.0,0.0,0,(),0.0,0.0
2880,PABT Ramp,0.0,0.0,0.0,0,(),0.0,0.0
2885,PABT Ramp,0.0,0.0,0.0,0,(),0.0,0.0
2890,PABT Ramp,0.0,0.0,0.0,0,(),0.0,0.0
2895,PABT Ramp,0.0,0.0,0.0,0,(),0.0,0.0
2900,PABT Ramp,0.0,0.0,0.0,0,(),0.0,0.0
2905,PABT Ramp,0.0,0.0,0.0,0,(),0.0,0.0
2910,PABT Ramp,0.0,0.0,0.0,0,(),0.0,0.0
2915,PABT Ramp,0.0,0.0,0.0,0,(),0.0,0.0
2920,PABT Ramp,0.0,0.0,0.0,0,(),0.0,0.0
2925,PABT Ramp,0.0,0.0,0.0,0,(),0.0,0.0
2930,PABT Ramp,0.0,0.0,0.0,0,(),0.0,0.0
2935,PABT Ramp,0.0,0.0,0.0,0,(),0.0,0.0
2940,PABT Ramp,0.0,0.0,0.0,0,(),0.0,0.0
2945,PABT Ramp,0.0,0.0,0.0,0,(),0.0,0.0
2950,PABT Ramp,0.0,0.0,0.0,0,(),0.0,0.0
2955,PABT Ramp,0.0,0.0,0.0,0,(),0.0,0.0
2960,PABT Ramp,0.0,0.0,0.0,0,(),0.0,0.0
2965,PABT Ramp,0.0,0.0,0.0,0,(),0.0,0.0
2970,PABT Ramp,0.0,0.0,0.0,0,(),0.0,0.0
2975,PABT Ramp,0.0,0.0,0.0,0,(),0.0,0.0
2980,PABT Ramp,0.0,0.0,0.0,0,(),0.0,0.0
2985,PABT Ramp,0.0,0.0,0.0,0,(),0.0,0.0
2990,PABT Ramp,0.0,0.0,0.0,0,(),0.0,0.0
2995,PABT Ramp,0.0,0.0,0.0,0,(),0.0,0.0
3000,PABT Ramp,0.0,0.0,0.0,0,(),0.0,0.0
3005,PABT Ramp,0.0,0.0,0.0,0,(),0.0,0.0
3010,PABT Ramp,0.0,0.0,0.0,0,(),0.0,0.0
3015,PABT Ramp,0.0,0.0,0.0,0,(),0.0,0.0
3020,PABT Ramp,0.0,0.0,0.0,0,(),0.0,0.0
3025,PABT Ramp,0.0,0.0,0.0,0,(),0.0,0.0
3030,PABT Ramp,0.0,0.0,0.0,0,(),0.0,0.0
3035,PABT Ramp,0.0,0.0,0.0,0,(),0.0,0.0
3040,PABT Ramp,0.0,0.0,0.0,0,(),0.0,0.0
3045,PABT Ramp,0.0,0.0,0.0,0,(),0.0,0.0
3050,PABT Ramp,0.0,0.0,0.0,0,(),0.0,0.0
3055,PABT Ramp,0.0,0.0,0.0,0,(),0.0,0.0
3060,PABT Ramp,0.0,0.0,0.0,0,(),0.0,0.0
3065,PABT Ramp,0.0,0.0,0.0,0,(),0.0,0.0
3070,PABT Ramp,0.0,0.0,0.0,0,(),0.0,0.0
3075,PABT Ramp,0.0,0.0,0.0,0,(),0.0,0.0
3080,PABT Ramp,0.0,0.0,0.0,0,(),0.0,0.0
3085,PABT Ramp,0.0,0.0,0.0,0,(),0.0,0.0
3090,PABT Ramp,0.0,0.0,0.0,0,(),0.0,0.0
3095,PABT Ramp,0.0,0.0,0.0,0,(),0.0,0.0
3100,PABT Ramp,0.0,0.0,0.0,0,(),0.0,0.0
3105,PABT Ramp,0.0,0.0,0.0,0,(),0.0,0.0
3110,PABT Ramp,0.0,0.0,0.0,0,(),0.0,0.0
3115,PABT Ramp,0.0,0.0,0.0,0,(),0.0,0.0
3120,PABT Ramp,0.0,0.0,0.0,0,(),0.0,0.0
3125,PABT Ramp,0.0,0.0,0.0,0,(),0.0,0.0
3130,PABT Ramp,0.0,0.0,0.0,0,(),0.0,0.0
3135,PABT Ramp,0.0,0.0,0.0,0,(),0.0,0.0
3140,PABT Ramp,0.0,0.0,0.0,0,(),0.0,0.0
3145,PABT Ramp,0.0,0.0,0.0,0,(),0.0,0.0
3150,PABT Ramp,0.0,0.0,0.0,0,(),0.0,0.0
3155,PABT Ramp,0.0,0.0,0.0,0,(),0.0,0.0
3160,PABT Ramp,0.0,0.0,0.0,0,(),0.0,0.0
3165,PABT Ramp,0.0,0.0,0.0,0,(),0.0,0.0
3170,PABT Ramp,0.0,0.0,0.0,0,(),0.0,0.0
3175,PABT Ramp,0.0,0.0,0.0,0,(),0.0,0.0
3180,PABT Ramp,0.0,0.0,0.0,0,(),0.0,0.0
3185,PABT Ramp,0.0,0.0,0.0,0,(),0.0,0.0
3190,PABT Ramp,0.0,0.0,0.0,0,(),0.0,0.0
3195,PABT Ramp,0.0,0.0,0.0,0,(),0.0,0.0
3200,PABT Ramp,0.0,0.0,0.0,0,(),0.0,0.0
3205,PABT Ramp,0.0,0.0,0.0,0,(),0.0,0.0
3210,PABT Ramp,0.0,0.0,0.0,0,(),0.0,0.0
3215,PABT Ramp,0.0,0.0,0.0,0,(),0.0,0.0
3220,PABT Ramp,0.0,0.0,0.0,0,(),0.0,0.0
3225,PABT Ramp,0.0,0.0,0.0,0,(),0.0,0.0
3230,PABT Ramp,0.0,0.0,0.0,0,(),0.0,0.0
3235,PABT Ramp,0.0,0.0,0.0,0,(),0.0,0.0
3240,PABT Ramp,0.0,0.0,0.0,0,(),0.0,0.0
3245,PABT Ramp,0.0,0.0,0.0,0,(),0.0,0.0
3250,PABT Ramp,0.0,0.0,0.0,0,(),0.0,0.0
3255,PABT Ramp,0.0,0.0,0.0,0,(),0.0,0.0
3260,PABT Ramp,0.0,0.0,0.0,0,(),0.0,0.0
3265,PABT Ramp,0.0,0.0,0.0,0,(),0.0,0.0
3270,PABT Ramp,0.0,0.0,0.0,0,(),0.0,0.0
3275,PABT Ramp,0.0,0.0,0.0,0,(),0.0,0.0
3280,PABT Ramp,0.0,0.0,0.0,0,(),0.0,0.0
3285,PABT Ramp,0.0,0.0,0.0,0,(),0.0,0.0
3290,PABT Ramp,0.0,0.0,0.0,0,(),0.0,0.0
3295,PABT Ramp,0.0,0.0,0.0,0,(),0.0,0.0
3300,PABT Ramp,0.0,0.0,0.0,0,(),0.0,0.0
3305,PABT Ramp,0.0,0.0,0.0,0,(),0.0,0.0
3310,PABT Ramp,0.0,0.0,0.0,0,(),0.0,0.0
3315,PABT Ramp,0.0,0.0,0.0,0,(),0.0,0.0
3320,PABT Ramp,0.0,0.0,0.0,0,(),0.0,0.0
3325,PABT Ramp,0.0,0.0,0.0,0,(),0.0,0.0
3330,PABT Ramp,0.0,0.0,0.0,0,(),0.0,0.0
3335,PABT Ramp,0.0,0.0,0.0,0,(),0.0,0.0
3340,PABT Ramp,0.0,0.0,0.0,0,(),0.0,0.0
3345,PABT Ramp,0.0,0.0,0.0,0,(),0.0,0.0
3350,PABT Ramp,0.0,0.0,0.0,0,(),0.0,0.0
3355,PABT Ramp,0.0,0.0,0.0,0,(),0.0,0.0
3360,PABT Ramp,0.0,0.0,0.0,0,(),0.0,0.0
3365,PABT Ramp,0.0,0.0,0.0,0,(),0.0,0.0
3370,PABT Ramp,0.0,0.0,0.0,0,(),0.0,0.0
3375,PABT Ramp,0.0,0.0,0.0,0,(),0.0,0.0
3380,PABT Ramp,0.0,0.0,0.0,0,(),0.0,0.0
3385,PABT Ramp,0.0,0.0,0.0,0,(),0.0,0.0
3390,PABT Ramp,0.0,0.0,0.0,0,(),0.0,0.0
3395,PABT Ramp,0.0,0.0,0.0,0,(),0.0,0.0
3400,PABT Ramp,0.0,0.0,0.0,0,(),0.0,0.0
3405,PABT Ramp,0.0,0.0,0.0,0,(),0.0,0.0
3410,PABT Ramp,0.0,0.0,0.0,0,(),0.0,0.0
3415,PABT Ramp,0.0,0.0,0.0,0,(),0.0,0.0
3420,PABT Ramp,0.0,0.0,0.0,0,(),0.0,0.0
3425,PABT Ramp,0.0,0.0,0.0,0,(),0.0,0.0
3430,PABT Ramp,0.0,0.0,0.0,0,(),0.0,0.0
3435,PABT Ramp,0.0,0.0,0.0,0,(),0.0,0.0
3440,PABT Ramp,0.0,0.0,0.0,0,(),0.0,0.0
3445,PABT Ramp,0.0,0.0,0.0,0,(),0.0,0.0
3450,PABT Ramp,0.0,0.0,0.0,0,(),0.0,0.0
3455,PABT Ramp,0.0,0.0,0.0,0,(),0.0,0.0
3460,PABT Ramp,0.0,0.0,0.0,0,(),0.0,0.0
3465,PABT Ramp,0.0,0.0,0.0,0,(),0.0,0.0
3470,PABT Ramp,0.0,0.0,0.0,0,(),0.0,0.0
3475,PABT Ramp,0.0,0.0,0.0,0,(),0.0,0.0
3480,PABT Ramp,0.0,0.0,0.0,0,(),0.0,0.0
3485,PABT Ramp,0.0,0.0,0.0,0,(),0.0,0.0
3490,PABT Ramp,0.0,0.0,0.0,0,(),0.0,0.0
3495,PABT Ramp,0.0,0.0,0.0,0,(),0.0,0.0
3500,PABT Ramp,0.0,0.0,0.0,0,(),0.0,0.0
3505,PABT Ramp,0.0,0.0,0.0,0,(),0.0,0.0
3510,PABT Ramp,0.0,0.0,0.0,0,(),0.0,0.0
3515,PABT Ramp,0.0,0.0,0.0,0,(),0.0,0.0
3520,PABT Ramp,0.0,0.0,0.0,0,(),0.0,0.0
3525,PABT Ramp,0.0,0.0,0.0,0,(),0.0,0.0
3530,PABT Ramp,0.0,0.0,0.0,0,(),0.0,0.0
3535,PABT Ramp,0.0,0.0,0.0,0,(),0.0,0.0
3540,PABT Ramp,0.0,0.0,0.0,0,(),0.0,0.0
3545,PABT Ramp,0.0,0.0,0.0,0,(),0.0,0.0
3550,PABT Ramp,0.0,0.0,0.0,0,(),0.0,0.0
3555,PABT Ramp,0.0,0.0,0.0,0,(),0.0,0.0
3560,PABT Ramp,0.0,0.0,0.0,0,(),0.0,0.0
3565,PABT Ramp,0.0,0.0,0.0,0,(),0.0,0.0
3570,PABT Ramp,0.0,0.0,0.0,0,(),0.0,0.0
3575,PABT Ramp,0.0,0.0,0.0,0,(),0.0,0.0
3580,PABT Ramp,0.0,0.0,0.0,0,(),0.0,0.0
3585,PABT Ramp,0.0,0.0,0.0,0,(),0.0,0.0
3590,PABT Ramp,0.0,0.0,0.0,0,(),0.0,0.0
3595,PABT Ramp,0.0,0.0,0.0,0,(),0.0,0.0
3600,PABT Ramp,0.0,0.0,0.0,0,(),0.0,0.0
3605,PABT Ramp,0.0,0.0,0.0,0,(),0.0,0.0
3610,PABT Ramp,0.0,0.0,0.0,0,(),0.0,0.0
3615,PABT Ramp,0.0,0.0,0.0,0,(),0.0,0.0
3620,PABT Ramp,0.0,0.0,0.0,0,(),0.0,0.0
3625,PABT Ramp,0.0,0.0,0.0,0,(),0.0,0.0
3630,PABT Ramp,0.0,0.0,0.0,0,(),0.0,0.0
3635,PABT Ramp,0.0,0.0,0.0,0,(),0.0,0.0
3640,PABT Ramp,0.0,0.0,0.0,0,(),0.0,0.0
3645,PABT Ramp,0.0,0.0,0.0,0,(),0.0,0.0
3650,PABT Ramp,0.0,0.0,0.0,0,(),0.0,0.0
3655,PABT Ramp,0.0,0.0,0.0,0,(),0.0,0.0
3660,PABT Ramp,0.0,0.0,0.0,0,(),0.0,0.0
3665,PABT Ramp,0.0,0.0,0.0,0,(),0.0,0.0
3670,PABT Ramp,0.0,0.0,0.0,0,(),0.0,0.0
3675,PABT Ramp,0.0,0.0,0.0,0,(),0.0,0.0
3680,PABT Ramp,0.0,0.0,0.0,0,(),0.0,0.0
3685,PABT Ramp,0.0,0.0,0.0,0,(),0.0,0.0
3690,PABT Ramp,0.0,0.0,0.0,0,(),0.0,0.0
3695,PABT Ramp,0.0,0.0,0.0,0,(),0.0,0.0
3700,PABT Ramp,0.0,0.0,0.0,0,(),0.0,0.0
3705,PABT Ramp,0.0,0.0,0.0,0,(),0.0,0.0
3710,PABT Ramp,0.0,0.0,0.0,0,(),0.0,0.0
3715,PABT Ramp,0.0,0.0,0.0,0,(),0.0,0.0
3720,PABT Ramp,0.0,0.0,0.0,0,(),0.0,0.0
3725,PABT Ramp,0.0,0.0,0.0,0,(),0.0,0.0
3730,PABT Ramp,0.0,0.0,0.0,0,(),0.0,0.0
3735,PABT Ramp,0.0,0.0,0.0,0,(),0.0,0.0
3740,PABT Ramp,0.0,0.0,0.0,0,(),0.0,0.0
3745,PABT Ramp,0.0,0.0,0.0,0,(),0.0,0.0
3750,PABT Ramp,0.0,0.0,0.0,0,(),0.0,0.0
3755,PABT Ramp,0.0,0.0,0.0,0,(),0.0,0.0
3760,PABT Ramp,0.0,0.0,0.0,0,(),0.0,0.0
3765,PABT Ramp,0.0,0.0,0.0,0,(),0.0,0.0
3770,PABT Ramp,0.0,0.0,0.0,0,(),0.0,0.0
3775,PABT Ramp,0.0,0.0,0.0,0,(),0.0,0.0
3780,PABT Ramp,0.0,0.0,0.0,0,(),0.0,0.0
3785,PABT Ramp,0.0,0.0,0.0,0,(),0.0,0.0
3790,PABT Ramp,0.0,0.0,0.0,0,(),0.0,0.0
3795,PABT Ramp,0.0,0.0,0.0,0,(),0.0,0.0
3800,PABT Ramp,0.0,0.0,0.0,0,(),0.0,0.0
3805,PABT Ramp,0.0,0.0,0.0,0,(),0.0,0.0
3810,PABT Ramp,0.0,0.0,0.0,0,(),0.0,0.0
3815,PABT Ramp,0.0,0.0,0.0,0,(),0.0,0.0
3820,PABT Ramp,0.0,0.0,0.0,0,(),0.0,0.0
3825,PABT Ramp,0.0,0.0,0.0,0,(),0.0,0.0
3830,PABT Ramp,0.0,0.0,0.0,0,(),0.0,0.0
3835,PABT Ramp,0.0,0.0,0.0,0,(),0.0,0.0
3840,PABT Ramp,0.0,0.0,0.0,0,(),0.0,0.0
3845,PABT Ramp,0.0,0.0,0.0,0,(),0.0,0.0
3850,PABT Ramp,0.0,0.0,0.0,0,(),0.0,0.0
3855,PABT Ramp,0.0,0.0,0.0,0,(),0.0,0.0
3860,PABT Ramp,0.0,0.0,0.0,0,(),0.0,0.0
3865,PABT Ramp,0.0,0.0,0.0,0,(),0.0,0.0
3870,PABT Ramp,0.0,0.0,0.0,0,(),0.0,0.0
3875,PABT Ramp,0.0,0.0,0.0,0,(),0.0,0.0
3880,PABT Ramp,0.0,0.0,0.0,0,(),0.0,0.0
3885,PABT Ramp,0.0,0.0,0.0,0,(),0.0,0.0
3890,PABT Ramp,0.0,0.0,0.0,0,(),0.0,0.0
3895,PABT Ramp,0.0,0.0,0.0,0,(),0.0,0.0
3900,PABT Ramp,0.0,0.0,0.0,0,(),0.0,0.0
3905,PABT Ramp,0.0,0.0,0.0,0,(),0.0,0.0
3910,PABT Ramp,0.0,0.0,0.0,0,(),0.0,0.0
3915,PABT Ramp,0.0,0.0,0.0,0,(),0.0,0.0
3920,PABT Ramp,0.0,0.0,0.0,0,(),0.0,0.0
3925,PABT Ramp,0.0,0.0,0.0,0,(),0.0,0.0
3930,PABT Ramp,0.0,0.0,0.0,0,(),0.0,0.0
3935,PABT Ramp,0.0,0.0,0.0,0,(),0.0,0.0
3940,PABT Ramp,0.0,0.0,0.0,0,(),0.0,0.0
3945,PABT Ramp,0.0,0.0,0.0,0,(),0.0,0.0
3950,PABT Ramp,0.0,0.0,0.0,0,(),0.0,0.0
3955,PABT Ramp,0.0,0.0,0.0,0,(),0.0,0.0
3960,PABT Ramp,0.0,0.0,0.0,0,(),0.0,0.0
3965,PABT Ramp,0.0,0.0,0.0,0,(),0.0,0.0
3970,PABT Ramp,0.0,0.0,0.0,0,(),0.0,0.0
3975,PABT Ramp,0.0,0.0,0.0,0,(),0.0,0.0
3980,PABT Ramp,0.0,0.0,0.0,0,(),0.0,0.0
3985,PABT Ramp,0.0,0.0,0.0,0,(),0.0,0.0
3990,PABT Ramp,0.0,0.0,0.0,0,(),0.0,0.0
3995,PABT Ramp,0.0,0.0,0.0,0,(),0.0,0.0
4000,PABT Ramp,0.0,0.0,0.0,0,(),0.0,0.0
4005,PABT Ramp,0.0,0.0,0.0,0,(),0.0,0.0
4010,PABT Ramp,0.0,0.0,0.0,0,(),0.0,0.0
4015,PABT Ramp,0.0,0.0,0.0,0,(),0.0,0.0
4020,PABT Ramp,0.0,0.0,0.0,0,(),0.0,0.0
4025,PABT Ramp,0.0,0.0,0.0,0,(),0.0,0.0
4030,PABT Ramp,0.0,0.0,0.0,0,(),0.0,0.0
4035,PABT Ramp,0.0,0.0,0.0,0,(),0.0,0.0
4040,PABT Ramp,0.0,0.0,0.0,0,(),0.0,0.0
4045,PABT Ramp,0.0,0.0,0.0,0,(),0.0,0.0
4050,PABT Ramp,0.0,0.0,0.0,0,(),0.0,0.0
4055,PABT Ramp,0.0,0.0,0.0,0,(),0.0,0.0
4060,PABT Ramp,0.0,0.0,0.0,0,(),0.0,0.0
4065,PABT Ramp,0.0,0.0,0.0,0,"('ped5797',)",0.0,0.0
4070,PABT Ramp,0.0,0.0,0.0,0,"('ped5797',)",0.0,0.0
4075,PABT Ramp,0.0,0.0,0.0,0,"('ped5797',)",0.0,0.0
4080,PABT Ramp,0.0,0.0,0.0,0,"('ped5797',)",0.0,0.0
4085,PABT Ramp,0.0,0.0,0.0,0,"('ped5797',)",0.0,0.0
4090,PABT Ramp,0.0,0.0,0.0,0,"('ped5797',)",0.0,0.0
4095,PABT Ramp,0.0,0.0,0.0,0,"('ped5797',)",0.0,0.0
4100,PABT Ramp,0.0,0.0,0.0,0,"('ped5797',)",0.0,0.0
4105,PABT Ramp,0.0,0.0,0.0,0,"('ped5797',)",0.0,0.0
4110,PABT Ramp,0.0,0.0,0.0,0,"('ped5797',)",0.0,0.0
4115,PABT Ramp,0.0,0.0,0.0,0,"('ped5797',)",0.0,0.0
4120,PABT Ramp,0.0,0.0,0.0,0,"('ped5797',)",0.0,0.0
4125,PABT Ramp,0.0,0.0,0.0,0,"('ped5797',)",0.0,0.0
4130,PABT Ramp,0.0,0.0,0.0,0,(),0.0,0.0
4135,PABT Ramp,0.0,0.0,0.0,0,(),0.0,0.0
4140,PABT Ramp,0.0,0.0,0.0,0,(),0.0,0.0
4145,PABT Ramp,0.0,0.0,0.0,0,(),0.0,0.0
4150,PABT Ramp,0.0,0.0,0.0,0,(),0.0,0.0
4155,PABT Ramp,0.0,0.0,0.0,0,(),0.0,0.0
4160,PABT Ramp,0.0,0.0,0.0,0,(),0.0,0.0
4165,PABT Ramp,0.0,0.0,0.0,0,(),0.0,0.0
4170,PABT Ramp,0.0,0.0,0.0,0,(),0.0,0.0
4175,PABT Ramp,0.0,0.0,0.0,0,(),0.0,0.0
4180,PABT Ramp,0.0,0.0,0.0,0,(),0.0,0.0
4185,PABT Ramp,0.0,0.0,0.0,0,(),0.0,0.0
4190,PABT Ramp,0.0,0.0,0.0,0,(),0.0,0.0
4195,PABT Ramp,0.0,0.0,0.0,0,(),0.0,0.0
4200,PABT Ramp,0.0,0.0,0.0,0,(),0.0,0.0
4205,PABT Ramp,0.0,0.0,0.0,0,(),0.0,0.0
4210,PABT Ramp,0.0,0.0,0.0,0,(),0.0,0.0
4215,PABT Ramp,0.0,0.0,0.0,0,(),0.0,0.0
4220,PABT Ramp,0.0,0.0,0.0,0,(),0.0,0.0
4225,PABT Ramp,0.0,0.0,0.0,0,(),0.0,0.0
4230,PABT Ramp,0.0,0.0,0.0,0,(),0.0,0.0
4235,PABT Ramp,0.0,0.0,0.0,0,(),0.0,0.0
4240,PABT Ramp,0.0,0.0,0.0,0,(),0.0,0.0
4245,PABT Ramp,0.0,0.0,0.0,0,(),0.0,0.0
4250,PABT Ramp,0.0,0.0,0.0,0,(),0.0,0.0
4255,PABT Ramp,0.0,0.0,0.0,0,(),0.0,0.0
4260,PABT Ramp,0.0,0.0,0.0,0,(),0.0,0.0
4265,PABT Ramp,0.0,0.0,0.0,0,(),0.0,0.0
4270,PABT Ramp,0.0,0.0,0.0,0,(),0.0,0.0
4275,PABT Ramp,0.0,0.0,0.0,0,(),0.0,0.0
4280,PABT Ramp,0.0,0.0,0.0,0,(),0.0,0.0
4285,PABT Ramp,0.0,0.0,0.0,0,(),0.0,0.0
4290,PABT Ramp,0.0,0.0,0.0,0,(),0.0,0.0
4295,PABT Ramp,0.0,0.0,0.0,0,(),0.0,0.0
4300,PABT Ramp,0.0,0.0,0.0,0,(),0.0,0.0
4305,PABT Ramp,0.0,0.0,0.0,0,(),0.0,0.0
4310,PABT Ramp,0.0,0.0,0.0,0,(),0.0,0.0
4315,PABT Ramp,0.0,0.0,0.0,0,(),0.0,0.0
4320,PABT Ramp,0.0,0.0,0.0,0,(),0.0,0.0
4325,PABT Ramp,0.0,0.0,0.0,0,(),0.0,0.0
4330,PABT Ramp,0.0,0.0,0.0,0,(),0.0,0.0
4335,PABT Ramp,0.0,0.0,0.0,0,(),0.0,0.0
4340,PABT Ramp,0.0,0.0,0.0,0,(),0.0,0.0
4345,PABT Ramp,0.0,0.0,0.0,0,(),0.0,0.0
4350,PABT Ramp,0.0,0.0,0.0,0,(),0.0,0.0
4355,PABT Ramp,0.0,0.0,0.0,0,(),0.0,0.0
4360,PABT Ramp,0.0,0.0,0.0,0,(),0.0,0.0
4365,PABT Ramp,0.0,0.0,0.0,0,(),0.0,0.0
4370,PABT Ramp,0.0,0.0,0.0,0,(),0.0,0.0
4375,PABT Ramp,0.0,0.0,0.0,0,(),0.0,0.0
4380,PABT Ramp,0.0,0.0,0.0,0,(),0.0,0.0
4385,PABT Ramp,0.0,0.0,0.0,0,(),0.0,0.0
4390,PABT Ramp,0.0,0.0,0.0,0,(),0.0,0.0
4395,PABT Ramp,0.0,0.0,0.0,0,(),0.0,0.0
4400,PABT Ramp,0.0,0.0,0.0,0,(),0.0,0.0
4405,PABT Ramp,0.0,0.0,0.0,0,(),0.0,0.0
4410,PABT Ramp,0.0,0.0,0.0,0,(),0.0,0.0
4415,PABT Ramp,0.0,0.0,0.0,0,(),0.0,0.0
4420,PABT Ramp,0.0,0.0,0.0,0,(),0.0,0.0
4425,PABT Ramp,0.0,0.0,0.0,0,(),0.0,0.0
4430,PABT Ramp,0.0,0.0,0.0,0,(),0.0,0.0
4435,PABT Ramp,0.0,0.0,0.0,0,(),0.0,0.0
4440,PABT Ramp,0.0,0.0,0.0,0,(),0.0,0.0
4445,PABT Ramp,0.0,0.0,0.0,0,(),0.0,0.0
4450,PABT Ramp,0.0,0.0,0.0,0,(),0.0,0.0
4455,PABT Ramp,0.0,0.0,0.0,0,(),0.0,0.0
4460,PABT Ramp,0.0,0.0,0.0,0,(),0.0,0.0
4465,PABT Ramp,0.0,0.0,0.0,0,(),0.0,0.0
4470,PABT Ramp,0.0,0.0,0.0,0,(),0.0,0.0
4475,PABT Ramp,0.0,0.0,0.0,0,(),0.0,0.0
4480,PABT Ramp,0.0,0.0,0.0,0,(),0.0,0.0
4485,PABT Ramp,0.0,0.0,0.0,0,(),0.0,0.0
4490,PABT Ramp,0.0,0.0,0.0,0,(),0.0,0.0
4495,PABT Ramp,0.0,0.0,0.0,0,(),0.0,0.0
4500,PABT Ramp,0.0,0.0,0.0,0,(),0.0,0.0
4505,PABT Ramp,0.0,0.0,0.0,0,(),0.0,0.0
4510,PABT Ramp,0.0,0.0,0.0,0,(),0.0,0.0
4515,PABT Ramp,0.0,0.0,0.0,0,(),0.0,0.0
4520,PABT Ramp,0.0,0.0,0.0,0,(),0.0,0.0
4525,PABT Ramp,0.0,0.0,0.0,0,(),0.0,0.0
4530,PABT Ramp,0.0,0.0,0.0,0,(),0.0,0.0
4535,PABT Ramp,0.0,0.0,0.0,0,(),0.0,0.0
4540,PABT Ramp,0.0,0.0,0.0,0,(),0.0,0.0
4545,PABT Ramp,0.0,0.0,0.0,0,(),0.0,0.0
4550,PABT Ramp,0.0,0.0,0.0,0,(),0.0,0.0
4555,PABT Ramp,0.0,0.0,0.0,0,(),0.0,0.0
4560,PABT Ramp,0.0,0.0,0.0,0,(),0.0,0.0
4565,PABT Ramp,0.0,0.0,0.0,0,(),0.0,0.0
4570,PABT Ramp,0.0,0.0,0.0,0,(),0.0,0.0
4575,PABT Ramp,0.0,0.0,0.0,0,(),0.0,0.0
4580,PABT Ramp,0.0,0.0,0.0,0,(),0.0,0.0
4585,PABT Ramp,0.0,0.0,0.0,0,(),0.0,0.0
4590,PABT Ramp,0.0,0.0,0.0,0,(),0.0,0.0
4595,PABT Ramp,0.0,0.0,0.0,0,(),0.0,0.0
4600,PABT Ramp,0.0,0.0,0.0,0,(),0.0,0.0
4605,PABT Ramp,0.0,0.0,0.0,0,(),0.0,0.0
4610,PABT Ramp,0.0,0.0,0.0,0,(),0.0,0.0
4615,PABT Ramp,0.0,0.0,0.0,0,(),0.0,0.0
4620,PABT Ramp,0.0,0.0,0.0,0,(),0.0,0.0
4625,PABT Ramp,0.0,0.0,0.0,0,(),0.0,0.0
4630,PABT Ramp,0.0,0.0,0.0,0,(),0.0,0.0
4635,PABT Ramp,0.0,0.0,0.0,0,(),0.0,0.0
4640,PABT Ramp,0.0,0.0,0.0,0,(),0.0,0.0
4645,PABT Ramp,0.0,0.0,0.0,0,(),0.0,0.0
4650,PABT Ramp,0.0,0.0,0.0,0,(),0.0,0.0
4655,PABT Ramp,0.0,0.0,0.0,0,(),0.0,0.0
4660,PABT Ramp,0.0,0.0,0.0,0,(),0.0,0.0
4665,PABT Ramp,0.0,0.0,0.0,0,(),0.0,0.0
4670,PABT Ramp,0.0,0.0,0.0,0,(),0.0,0.0
4675,PABT Ramp,0.0,0.0,0.0,0,(),0.0,0.0
4680,PABT Ramp,0.0,0.0,0.0,0,(),0.0,0.0
4685,PABT Ramp,0.0,0.0,0.0,0,(),0.0,0.0
4690,PABT Ramp,0.0,0.0,0.0,0,(),0.0,0.0
4695,PABT Ramp,0.0,0.0,0.0,0,(),0.0,0.0
4700,PABT Ramp,0.0,0.0,0.0,0,(),0.0,0.0
4705,PABT Ramp,0.0,0.0,0.0,0,(),0.0,0.0
4710,PABT Ramp,0.0,0.0,0.0,0,(),0.0,0.0
4715,PABT Ramp,0.0,0.0,0.0,0,(),0.0,0.0
4720,PABT Ramp,0.0,0.0,0.0,0,(),0.0,0.0
4725,PABT Ramp,0.0,0.0,0.0,0,(),0.0,0.0
4730,PABT Ramp,0.0,0.0,0.0,0,(),0.0,0.0
4735,PABT Ramp,0.0,0.0,0.0,0,(),0.0,0.0
4740,PABT Ramp,0.0,0.0,0.0,0,(),0.0,0.0
4745,PABT Ramp,0.0,0.0,0.0,0,(),0.0,0.0
4750,PABT Ramp,0.0,0.0,0.0,0,(),0.0,0.0
4755,PABT Ramp,0.0,0.0,0.0,0,(),0.0,0.0
4760,PABT Ramp,0.0,0.0,0.0,0,(),0.0,0.0
4765,PABT Ramp,0.0,0.0,0.0,0,(),0.0,0.0
4770,PABT Ramp,0.0,0.0,0.0,0,(),0.0,0.0
4775,PABT Ramp,0.0,0.0,0.0,0,(),0.0,0.0
4780,PABT Ramp,0.0,0.0,0.0,0,(),0.0,0.0
4785,PABT Ramp,0.0,0.0,0.0,0,(),0.0,0.0
4790,PABT Ramp,0.0,0.0,0.0,0,(),0.0,0.0
4795,PABT Ramp,0.0,0.0,0.0,0,(),0.0,0.0
4800,PABT Ramp,0.0,0.0,0.0,0,(),0.0,0.0
4805,PABT Ramp,0.0,0.0,0.0,0,(),0.0,0.0
4810,PABT Ramp,0.0,0.0,0.0,0,(),0.0,0.0
4815,PABT Ramp,0.0,0.0,0.0,0,(),0.0,0.0
4820,PABT Ramp,0.0,0.0,0.0,0,(),0.0,0.0
4825,PABT Ramp,0.0,0.0,0.0,0,(),0.0,0.0
4830,PABT Ramp,0.0,0.0,0.0,0,(),0.0,0.0
4835,PABT Ramp,0.0,0.0,0.0,0,(),0.0,0.0
4840,PABT Ramp,0.0,0.0,0.0,0,(),0.0,0.0
4845,PABT Ramp,0.0,0.0,0.0,0,(),0.0,0.0
4850,PABT Ramp,0.0,0.0,0.0,0,(),0.0,0.0
4855,PABT Ramp,0.0,0.0,0.0,0,(),0.0,0.0
4860,PABT Ramp,0.0,0.0,0.0,0,(),0.0,0.0
4865,PABT Ramp,0.0,0.0,0.0,0,(),0.0,0.0
4870,PABT Ramp,0.0,0.0,0.0,0,(),0.0,0.0
4875,PABT Ramp,0.0,0.0,0.0,0,(),0.0,0.0
4880,PABT Ramp,0.0,0.0,0.0,0,(),0.0,0.0
4885,PABT Ramp,0.0,0.0,0.0,0,(),0.0,0.0
4890,PABT Ramp,0.0,0.0,0.0,0,(),0.0,0.0
4895,PABT Ramp,0.0,0.0,0.0,0,(),0.0,0.0
4900,PABT Ramp,0.0,0.0,0.0,0,(),0.0,0.0
4905,PABT Ramp,0.0,0.0,0.0,0,(),0.0,0.0
4910,PABT Ramp,0.0,0.0,0.0,0,(),0.0,0.0
4915,PABT Ramp,0.0,0.0,0.0,0,(),0.0,0.0
4920,PABT Ramp,0.0,0.0,0.0,0,(),0.0,0.0
4925,PABT Ramp,0.0,0.0,0.0,0,(),0.0,0.0
4930,PABT Ramp,0.0,0.0,0.0,0,(),0.0,0.0
4935,PABT Ramp,0.0,0.0,0.0,0,(),0.0,0.0
4940,PABT Ramp,0.0,0.0,0.0,0,(),0.0,0.0
4945,PABT Ramp,0.0,0.0,0.0,0,(),0.0,0.0
4950,PABT Ramp,0.0,0.0,0.0,0,(),0.0,0.0
4955,PABT Ramp,0.0,0.0,0.0,0,(),0.0,0.0
4960,PABT Ramp,0.0,0.0,0.0,0,(),0.0,0.0
4965,PABT Ramp,0.0,0.0,0.0,0,(),0.0,0.0
4970,PABT Ramp,0.0,0.0,0.0,0,(),0.0,0.0
4975,PABT Ramp,0.0,0.0,0.0,0,(),0.0,0.0
4980,PABT Ramp,0.0,0.0,0.0,0,(),0.0,0.0
4985,PABT Ramp,0.0,0.0,0.0,0,(),0.0,0.0
4990,PABT Ramp,0.0,0.0,0.0,0,(),0.0,0.0
4995,PABT Ramp,0.0,0.0,0.0,0,(),0.0,0.0
5000,PABT Ramp,0.0,0.0,0.0,0,(),0.0,0.0
5005,PABT Ramp,0.0,0.0,0.0,0,(),0.0,0.0
5010,PABT Ramp,0.0,0.0,0.0,0,(),0.0,0.0
5015,PABT Ramp,0.0,0.0,0.0,0,(),0.0,0.0
5020,PABT Ramp,0.0,0.0,0.0,0,(),0.0,0.0
5025,PABT Ramp,0.0,0.0,0.0,0,(),0.0,0.0
5030,PABT Ramp,0.0,0.0,0.0,0,(),0.0,0.0
5035,PABT Ramp,0.0,0.0,0.0,0,(),0.0,0.0
5040,PABT Ramp,0.0,0.0,0.0,0,(),0.0,0.0
5045,PABT Ramp,0.0,0.0,0.0,0,(),0.0,0.0
5050,PABT Ramp,0.0,0.0,0.0,0,(),0.0,0.0
5055,PABT Ramp,0.0,0.0,0.0,0,(),0.0,0.0
5060,PABT Ramp,0.0,0.0,0.0,0,(),0.0,0.0
5065,PABT Ramp,0.0,0.0,0.0,0,(),0.0,0.0
5070,PABT Ramp,0.0,0.0,0.0,0,(),0.0,0.0
5075,PABT Ramp,0.0,0.0,0.0,0,(),0.0,0.0
5080,PABT Ramp,0.0,0.0,0.0,0,(),0.0,0.0
5085,PABT Ramp,0.0,0.0,0.0,0,(),0.0,0.0
5090,PABT Ramp,0.0,0.0,0.0,0,(),0.0,0.0
5095,PABT Ramp,0.0,0.0,0.0,0,(),0.0,0.0
5100,PABT Ramp,0.0,0.0,0.0,0,(),0.0,0.0
5105,PABT Ramp,0.0,0.0,0.0,0,(),0.0,0.0
5110,PABT Ramp,0.0,0.0,0.0,0,(),0.0,0.0
5115,PABT Ramp,0.0,0.0,0.0,0,(),0.0,0.0
5120,PABT Ramp,0.0,0.0,0.0,0,(),0.0,0.0
5125,PABT Ramp,0.0,0.0,0.0,0,(),0.0,0.0
5130,PABT Ramp,0.0,0.0,0.0,0,(),0.0,0.0
5135,PABT Ramp,0.0,0.0,0.0,0,(),0.0,0.0
5140,PABT Ramp,0.0,0.0,0.0,0,(),0.0,0.0
5145,PABT Ramp,0.0,0.0,0.0,0,(),0.0,0.0
5150,PABT Ramp,0.0,0.0,0.0,0,(),0.0,0.0
5155,PABT Ramp,0.0,0.0,0.0,0,(),0.0,0.0
5160,PABT Ramp,0.0,0.0,0.0,0,(),0.0,0.0
5165,PABT Ramp,0.0,0.0,0.0,0,(),0.0,0.0
5170,PABT Ramp,0.0,0.0,0.0,0,(),0.0,0.0
5175,PABT Ramp,0.0,0.0,0.0,0,(),0.0,0.0
5180,PABT Ramp,0.0,0.0,0.0,0,(),0.0,0.0
5185,PABT Ramp,0.0,0.0,0.0,0,(),0.0,0.0
5190,PABT Ramp,0.0,0.0,0.0,0,(),0.0,0.0
5195,PABT Ramp,0.0,0.0,0.0,0,(),0.0,0.0
5200,PABT Ramp,0.0,0.0,0.0,0,(),0.0,0.0
5205,PABT Ramp,0.0,0.0,0.0,0,(),0.0,0.0
5210,PABT Ramp,0.0,0.0,0.0,0,(),0.0,0.0
5215,PABT Ramp,0.0,0.0,0.0,0,(),0.0,0.0
5220,PABT Ramp,0.0,0.0,0.0,0,(),0.0,0.0
5225,PABT Ramp,0.0,0.0,0.0,0,(),0.0,0.0
5230,PABT Ramp,0.0,0.0,0.0,0,(),0.0,0.0
5235,PABT Ramp,0.0,0.0,0.0,0,(),0.0,0.0
5240,PABT Ramp,0.0,0.0,0.0,0,(),0.0,0.0
5245,PABT Ramp,0.0,0.0,0.0,0,(),0.0,0.0
5250,PABT Ramp,0.0,0.0,0.0,0,(),0.0,0.0
5255,PABT Ramp,0.0,0.0,0.0,0,(),0.0,0.0
5260,PABT Ramp,0.0,0.0,0.0,0,(),0.0,0.0
5265,PABT Ramp,0.0,0.0,0.0,0,(),0.0,0.0
5270,PABT Ramp,0.0,0.0,0.0,0,(),0.0,0.0
5275,PABT Ramp,0.0,0.0,0.0,0,(),0.0,0.0
5280,PABT Ramp,0.0,0.0,0.0,0,(),0.0,0.0
5285,PABT Ramp,0.0,0.0,0.0,0,(),0.0,0.0
5290,PABT Ramp,0.0,0.0,0.0,0,(),0.0,0.0
5295,PABT Ramp,0.0,0.0,0.0,0,(),0.0,0.0
5300,PABT Ramp,0.0,0.0,0.0,0,(),0.0,0.0
5305,PABT Ramp,0.0,0.0,0.0,0,(),0.0,0.0
5310,PABT Ramp,0.0,0.0,0.0,0,(),0.0,0.0
5315,PABT Ramp,0.0,0.0,0.0,0,(),0.0,0.0
5320,PABT Ramp,0.0,0.0,0.0,0,(),0.0,0.0
5325,PABT Ramp,0.0,0.0,0.0,0,(),0.0,0.0
5330,PABT Ramp,0.0,0.0,0.0,0,(),0.0,0.0
5335,PABT Ramp,0.0,0.0,0.0,0,(),0.0,0.0
5340,PABT Ramp,0.0,0.0,0.0,0,(),0.0,0.0
5345,PABT Ramp,0.0,0.0,0.0,0,(),0.0,0.0
5350,PABT Ramp,0.0,0.0,0.0,0,(),0.0,0.0
5355,PABT Ramp,0.0,0.0,0.0,0,(),0.0,0.0
5360,PABT Ramp,0.0,0.0,0.0,0,(),0.0,0.0
5365,PABT Ramp,0.0,0.0,0.0,0,(),0.0,0.0
5370,PABT Ramp,0.0,0.0,0.0,0,(),0.0,0.0
5375,PABT Ramp,0.0,0.0,0.0,0,(),0.0,0.0
5380,PABT Ramp,0.0,0.0,0.0,0,(),0.0,0.0
5385,PABT Ramp,0.0,0.0,0.0,0,(),0.0,0.0
5390,PABT Ramp,0.0,0.0,0.0,0,(),0.0,0.0
5395,PABT Ramp,0.0,0.0,0.0,0,(),0.0,0.0
5400,PABT Ramp,0.0,0.0,0.0,0,(),0.0,0.0
5405,PABT Ramp,0.0,0.0,0.0,0,(),0.0,0.0
5410,PABT Ramp,0.0,0.0,0.0,0,(),0.0,0.0
5415,PABT Ramp,0.0,0.0,0.0,0,(),0.0,0.0
5420,PABT Ramp,0.0,0.0,0.0,0,(),0.0,0.0
5425,PABT Ramp,0.0,0.0,0.0,0,(),0.0,0.0
5430,PABT Ramp,0.0,0.0,0.0,0,(),0.0,0.0
5435,PABT Ramp,0.0,0.0,0.0,0,(),0.0,0.0
5440,PABT Ramp,0.0,0.0,0.0,0,(),0.0,0.0
5445,PABT Ramp,0.0,0.0,0.0,0,(),0.0,0.0
5450,PABT Ramp,0.0,0.0,0.0,0,(),0.0,0.0
5455,PABT Ramp,0.0,0.0,0.0,0,(),0.0,0.0
5460,PABT Ramp,0.0,0.0,0.0,0,(),0.0,0.0
5465,PABT Ramp,0.0,0.0,0.0,0,(),0.0,0.0
5470,PABT Ramp,0.0,0.0,0.0,0,(),0.0,0.0
5475,PABT Ramp,0.0,0.0,0.0,0,(),0.0,0.0
5480,PABT Ramp,0.0,0.0,0.0,0,(),0.0,0.0
5485,PABT Ramp,0.0,0.0,0.0,0,(),0.0,0.0
5490,PABT Ramp,0.0,0.0,0.0,0,(),0.0,0.0
5495,PABT Ramp,0.0,0.0,0.0,0,(),0.0,0.0
5500,PABT Ramp,0.0,0.0,0.0,0,(),0.0,0.0
5505,PABT Ramp,0.0,0.0,0.0,0,(),0.0,0.0
5510,PABT Ramp,0.0,0.0,0.0,0,(),0.0,0.0
5515,PABT Ramp,0.0,0.0,0.0,0,(),0.0,0.0
5520,PABT Ramp,0.0,0.0,0.0,0,(),0.0,0.0
5525,PABT Ramp,0.0,0.0,0.0,0,(),0.0,0.0
5530,PABT Ramp,0.0,0.0,0.0,0,(),0.0,0.0
5535,PABT Ramp,0.0,0.0,0.0,0,(),0.0,0.0
5540,PABT Ramp,0.0,0.0,0.0,0,(),0.0,0.0
5545,PABT Ramp,0.0,0.0,0.0,0,(),0.0,0.0
5550,PABT Ramp,0.0,0.0,0.0,0,(),0.0,0.0
5555,PABT Ramp,0.0,0.0,0.0,0,(),0.0,0.0
5560,PABT Ramp,0.0,0.0,0.0,0,(),0.0,0.0
5565,PABT Ramp,0.0,0.0,0.0,0,(),0.0,0.0
5570,PABT Ramp,0.0,0.0,0.0,0,(),0.0,0.0
5575,PABT Ramp,0.0,0.0,0.0,0,(),0.0,0.0
5580,PABT Ramp,0.0,0.0,0.0,0,(),0.0,0.0
5585,PABT Ramp,0.0,0.0,0.0,0,(),0.0,0.0
5590,PABT Ramp,0.0,0.0,0.0,0,(),0.0,0.0
5595,PABT Ramp,0.0,0.0,0.0,0,(),0.0,0.0
5600,PABT Ramp,0.0,0.0,0.0,0,(),0.0,0.0
5605,PABT Ramp,0.0,0.0,0.0,0,(),0.0,0.0
5610,PABT Ramp,0.0,0.0,0.0,0,(),0.0,0.0
5615,PABT Ramp,0.0,0.0,0.0,0,(),0.0,0.0
5620,PABT Ramp,0.0,0.0,0.0,0,(),0.0,0.0
5625,PABT Ramp,0.0,0.0,0.0,0,(),0.0,0.0
5630,PABT Ramp,0.0,0.0,0.0,0,(),0.0,0.0
5635,PABT Ramp,0.0,0.0,0.0,0,(),0.0,0.0
5640,PABT Ramp,0.0,0.0,0.0,0,(),0.0,0.0
5645,PABT Ramp,0.0,0.0,0.0,0,(),0.0,0.0
5650,PABT Ramp,0.0,0.0,0.0,0,(),0.0,0.0
5655,PABT Ramp,0.0,0.0,0.0,0,(),0.0,0.0
5660,PABT Ramp,0.0,0.0,0.0,0,(),0.0,0.0
5665,PABT Ramp,0.0,0.0,0.0,0,(),0.0,0.0
5670,PABT Ramp,0.0,0.0,0.0,0,(),0.0,0.0
5675,PABT Ramp,0.0,0.0,0.0,0,(),0.0,0.0
5680,PABT Ramp,0.0,0.0,0.0,0,(),0.0,0.0
5685,PABT Ramp,0.0,0.0,0.0,0,(),0.0,0.0
5690,PABT Ramp,0.0,0.0,0.0,0,(),0.0,0.0
5695,PABT Ramp,0.0,0.0,0.0,0,(),0.0,0.0
5700,PABT Ramp,0.0,0.0,0.0,0,(),0.0,0.0
5705,PABT Ramp,0.0,0.0,0.0,0,(),0.0,0.0
5710,PABT Ramp,0.0,0.0,0.0,0,(),0.0,0.0
5715,PABT Ramp,0.0,0.0,0.0,0,(),0.0,0.0
5720,PABT Ramp,0.0,0.0,0.0,0,(),0.0,0.0
5725,PABT Ramp,0.0,0.0,0.0,0,(),0.0,0.0
5730,PABT Ramp,0.0,0.0,0.0,0,(),0.0,0.0
5735,PABT Ramp,0.0,0.0,0.0,0,(),0.0,0.0
5740,PABT Ramp,0.0,0.0,0.0,0,(),0.0,0.0
5745,PABT Ramp,0.0,0.0,0.0,0,(),0.0,0.0
5750,PABT Ramp,0.0,0.0,0.0,0,(),0.0,0.0
5755,PABT Ramp,0.0,0.0,0.0,0,(),0.0,0.0
5760,PABT Ramp,0.0,0.0,0.0,0,(),0.0,0.0
5765,PABT Ramp,0.0,0.0,0.0,0,(),0.0,0.0
5770,PABT Ramp,0.0,0.0,0.0,0,(),0.0,0.0
5775,PABT Ramp,0.0,0.0,0.0,0,(),0.0,0.0
5780,PABT Ramp,0.0,0.0,0.0,0,(),0.0,0.0
5785,PABT Ramp,0.0,0.0,0.0,0,(),0.0,0.0
5790,PABT Ramp,0.0,0.0,0.0,0,(),0.0,0.0
5795,PABT Ramp,0.0,0.0,0.0,0,(),0.0,0.0
5800,PABT Ramp,0.0,0.0,0.0,0,(),0.0,0.0
5805,PABT Ramp,0.0,0.0,0.0,0,(),0.0,0.0
5810,PABT Ramp,0.0,0.0,0.0,0,(),0.0,0.0
5815,PABT Ramp,0.0,0.0,0.0,0,(),0.0,0.0
5820,PABT Ramp,0.0,0.0,0.0,0,(),0.0,0.0
5825,PABT Ramp,0.0,0.0,0.0,0,(),0.0,0.0
5830,PABT Ramp,0.0,0.0,0.0,0,(),0.0,0.0
5835,PABT Ramp,0.0,0.0,0.0,0,(),0.0,0.0
5840,PABT Ramp,0.0,0.0,0.0,0,(),0.0,0.0
5845,PABT Ramp,0.0,0.0,0.0,0,(),0.0,0.0
5850,PABT Ramp,0.0,0.0,0.0,0,(),0.0,0.0
5855,PABT Ramp,0.0,0.0,0.0,0,(),0.0,0.0
5860,PABT Ramp,0.0,0.0,0.0,0,(),0.0,0.0
5865,PABT Ramp,0.0,0.0,0.0,0,(),0.0,0.0
5870,PABT Ramp,0.0,0.0,0.0,0,(),0.0,0.0
5875,PABT Ramp,0.0,0.0,0.0,0,(),0.0,0.0
5880,PABT Ramp,0.0,0.0,0.0,0,(),0.0,0.0
5885,PABT Ramp,0.0,0.0,0.0,0,(),0.0,0.0
5890,PABT Ramp,0.0,0.0,0.0,0,(),0.0,0.0
5895,PABT Ramp,0.0,0.0,0.0,0,(),0.0,0.0
5900,PABT Ramp,0.0,0.0,0.0,0,(),0.0,0.0
5905,PABT Ramp,0.0,0.0,0.0,0,(),0.0,0.0
5910,PABT Ramp,0.0,0.0,0.0,0,(),0.0,0.0
5915,PABT Ramp,0.0,0.0,0.0,0,(),0.0,0.0
5920,PABT Ramp,0.0,0.0,0.0,0,(),0.0,0.0
5925,PABT Ramp,0.0,0.0,0.0,0,(),0.0,0.0
5930,PABT Ramp,0.0,0.0,0.0,0,(),0.0,0.0
5935,PABT Ramp,0.0,0.0,0.0,0,(),0.0,0.0
5940,PABT Ramp,0.0,0.0,0.0,0,(),0.0,0.0
5945,PABT Ramp,0.0,0.0,0.0,0,(),0.0,0.0
5950,PABT Ramp,0.0,0.0,0.0,0,(),0.0,0.0
5955,PABT Ramp,0.0,0.0,0.0,0,(),0.0,0.0
5960,PABT Ramp,0.0,0.0,0.0,0,(),0.0,0.0
5965,PABT Ramp,0.0,0.0,0.0,0,(),0.0,0.0
5970,PABT Ramp,0.0,0.0,0.0,0,(),0.0,0.0
5975,PABT Ramp,0.0,0.0,0.0,0,(),0.0,0.0
5980,PABT Ramp,0.0,0.0,0.0,0,(),0.0,0.0
5985,PABT Ramp,0.0,0.0,0.0,0,(),0.0,0.0
5990,PABT Ramp,0.0,0.0,0.0,0,(),0.0,0.0
5995,PABT Ramp,0.0,0.0,0.0,0,(),0.0,0.0
6000,PABT Ramp,0.0,0.0,0.0,0,(),0.0,0.0
6005,PABT Ramp,0.0,0.0,0.0,0,(),0.0,0.0
6010,PABT Ramp,0.0,0.0,0.0,0,(),0.0,0.0
6015,PABT Ramp,0.0,0.0,0.0,0,(),0.0,0.0
6020,PABT Ramp,0.0,0.0,0.0,0,(),0.0,0.0
6025,PABT Ramp,0.0,0.0,0.0,0,(),0.0,0.0
6030,PABT Ramp,0.0,0.0,0.0,0,(),0.0,0.0
6035,PABT Ramp,0.0,0.0,0.0,0,(),0.0,0.0
6040,PABT Ramp,0.0,0.0,0.0,0,(),0.0,0.0
6045,PABT Ramp,0.0,0.0,0.0,0,(),0.0,0.0
6050,PABT Ramp,0.0,0.0,0.0,0,(),0.0,0.0
6055,PABT Ramp,0.0,0.0,0.0,0,(),0.0,0.0
6060,PABT Ramp,0.0,0.0,0.0,0,(),0.0,0.0
6065,PABT Ramp,0.0,0.0,0.0,0,(),0.0,0.0
6070,PABT Ramp,0.0,0.0,0.0,0,(),0.0,0.0
6075,PABT Ramp,0.0,0.0,0.0,0,(),0.0,0.0
6080,PABT Ramp,0.0,0.0,0.0,0,(),0.0,0.0
6085,PABT Ramp,0.0,0.0,0.0,0,(),0.0,0.0
6090,PABT Ramp,0.0,0.0,0.0,0,(),0.0,0.0
6095,PABT Ramp,0.0,0.0,0.0,0,(),0.0,0.0
6100,PABT Ramp,0.0,0.0,0.0,0,(),0.0,0.0
6105,PABT Ramp,0.0,0.0,0.0,0,(),0.0,0.0
6110,PABT Ramp,0.0,0.0,0.0,0,(),0.0,0.0
6115,PABT Ramp,0.0,0.0,0.0,0,(),0.0,0.0
6120,PABT Ramp,0.0,0.0,0.0,0,(),0.0,0.0
6125,PABT Ramp,0.0,0.0,0.0,0,(),0.0,0.0
6130,PABT Ramp,0.0,0.0,0.0,0,(),0.0,0.0
6135,PABT Ramp,0.0,0.0,0.0,0,(),0.0,0.0
6140,PABT Ramp,0.0,0.0,0.0,0,(),0.0,0.0
6145,PABT Ramp,0.0,0.0,0.0,0,(),0.0,0.0
6150,PABT Ramp,0.0,0.0,0.0,0,(),0.0,0.0
6155,PABT Ramp,0.0,0.0,0.0,0,(),0.0,0.0
6160,PABT Ramp,0.0,0.0,0.0,0,(),0.0,0.0
6165,PABT Ramp,0.0,0.0,0.0,0,(),0.0,0.0
6170,PABT Ramp,0.0,0.0,0.0,0,(),0.0,0.0
6175,PABT Ramp,0.0,0.0,0.0,0,(),0.0,0.0
6180,PABT Ramp,0.0,0.0,0.0,0,(),0.0,0.0
6185,PABT Ramp,0.0,0.0,0.0,0,(),0.0,0.0
6190,PABT Ramp,0.0,0.0,0.0,0,(),0.0,0.0
6195,PABT Ramp,0.0,0.0,0.0,0,(),0.0,0.0
6200,PABT Ramp,0.0,0.0,0.0,0,(),0.0,0.0
6205,PABT Ramp,0.0,0.0,0.0,0,(),0.0,0.0
6210,PABT Ramp,0.0,0.0,0.0,0,(),0.0,0.0
6215,PABT Ramp,0.0,0.0,0.0,0,(),0.0,0.0
6220,PABT Ramp,0.0,0.0,0.0,0,(),0.0,0.0
6225,PABT Ramp,0.0,0.0,0.0,0,(),0.0,0.0
6230,PABT Ramp,0.0,0.0,0.0,0,(),0.0,0.0
6235,PABT Ramp,0.0,0.0,0.0,0,(),0.0,0.0
6240,PABT Ramp,0.0,0.0,0.0,0,(),0.0,0.0
6245,PABT Ramp,0.0,0.0,0.0,0,(),0.0,0.0
6250,PABT Ramp,0.0,0.0,0.0,0,(),0.0,0.0
6255,PABT Ramp,0.0,0.0,0.0,0,(),0.0,0.0
6260,PABT Ramp,0.0,0.0,0.0,0,(),0.0,0.0
6265,PABT Ramp,0.0,0.0,0.0,0,(),0.0,0.0
6270,PABT Ramp,0.0,0.0,0.0,0,(),0.0,0.0
6275,PABT Ramp,0.0,0.0,0.0,0,(),0.0,0.0
6280,PABT Ramp,0.0,0.0,0.0,0,(),0.0,0.0
6285,PABT Ramp,0.0,0.0,0.0,0,(),0.0,0.0
6290,PABT Ramp,0.0,0.0,0.0,0,(),0.0,0.0
6295,PABT Ramp,0.0,0.0,0.0,0,(),0.0,0.0
6300,PABT Ramp,0.0,0.0,0.0,0,(),0.0,0.0
6305,PABT Ramp,0.0,0.0,0.0,0,(),0.0,0.0
6310,PABT Ramp,0.0,0.0,0.0,0,(),0.0,0.0
6315,PABT Ramp,0.0,0.0,0.0,0,(),0.0,0.0
6320,PABT Ramp,0.0,0.0,0.0,0,(),0.0,0.0
6325,PABT Ramp,0.0,0.0,0.0,0,(),0.0,0.0
6330,PABT Ramp,0.0,0.0,0.0,0,(),0.0,0.0
6335,PABT Ramp,0.0,0.0,0.0,0,(),0.0,0.0
6340,PABT Ramp,0.0,0.0,0.0,0,(),0.0,0.0
6345,PABT Ramp,0.0,0.0,0.0,0,(),0.0,0.0
6350,PABT Ramp,0.0,0.0,0.0,0,(),0.0,0.0
6355,PABT Ramp,0.0,0.0,0.0,0,(),0.0,0.0
6360,PABT Ramp,0.0,0.0,0.0,0,(),0.0,0.0
6365,PABT Ramp,0.0,0.0,0.0,0,(),0.0,0.0
6370,PABT Ramp,0.0,0.0,0.0,0,(),0.0,0.0
6375,PABT Ramp,0.0,0.0,0.0,0,(),0.0,0.0
6380,PABT Ramp,0.0,0.0,0.0,0,(),0.0,0.0
6385,PABT Ramp,0.0,0.0,0.0,0,(),0.0,0.0
6390,PABT Ramp,0.0,0.0,0.0,0,(),0.0,0.0
6395,PABT Ramp,0.0,0.0,0.0,0,(),0.0,0.0
6400,PABT Ramp,0.0,0.0,0.0,0,(),0.0,0.0
6405,PABT Ramp,0.0,0.0,0.0,0,(),0.0,0.0
6410,PABT Ramp,0.0,0.0,0.0,0,(),0.0,0.0
6415,PABT Ramp,0.0,0.0,0.0,0,(),0.0,0.0
6420,PABT Ramp,0.0,0.0,0.0,0,(),0.0,0.0
6425,PABT Ramp,0.0,0.0,0.0,0,(),0.0,0.0
6430,PABT Ramp,0.0,0.0,0.0,0,(),0.0,0.0
6435,PABT Ramp,0.0,0.0,0.0,0,(),0.0,0.0
6440,PABT Ramp,0.0,0.0,0.0,0,(),0.0,0.0
6445,PABT Ramp,0.0,0.0,0.0,0,(),0.0,0.0
6450,PABT Ramp,0.0,0.0,0.0,0,(),0.0,0.0
6455,PABT Ramp,0.0,0.0,0.0,0,(),0.0,0.0
6460,PABT Ramp,0.0,0.0,0.0,0,(),0.0,0.0
6465,PABT Ramp,0.0,0.0,0.0,0,(),0.0,0.0
6470,PABT Ramp,0.0,0.0,0.0,0,(),0.0,0.0
6475,PABT Ramp,0.0,0.0,0.0,0,(),0.0,0.0
6480,PABT Ramp,0.0,0.0,0.0,0,(),0.0,0.0
6485,PABT Ramp,0.0,0.0,0.0,0,(),0.0,0.0
6490,PABT Ramp,0.0,0.0,0.0,0,(),0.0,0.0
6495,PABT Ramp,0.0,0.0,0.0,0,(),0.0,0.0
6500,PABT Ramp,0.0,0.0,0.0,0,(),0.0,0.0
6505,PABT Ramp,0.0,0.0,0.0,0,(),0.0,0.0
6510,PABT Ramp,0.0,0.0,0.0,0,(),0.0,0.0
6515,PABT Ramp,0.0,0.0,0.0,0,(),0.0,0.0
6520,PABT Ramp,0.0,0.0,0.0,0,(),0.0,0.0
6525,PABT Ramp,0.0,0.0,0.0,0,(),0.0,0.0
6530,PABT Ramp,0.0,0.0,0.0,0,(),0.0,0.0
6535,PABT Ramp,0.0,0.0,0.0,0,(),0.0,0.0
6540,PABT Ramp,0.0,0.0,0.0,0,(),0.0,0.0
6545,PABT Ramp,0.0,0.0,0.0,0,(),0.0,0.0
6550,PABT Ramp,0.0,0.0,0.0,0,(),0.0,0.0
6555,PABT Ramp,0.0,0.0,0.0,0,(),0.0,0.0
6560,PABT Ramp,0.0,0.0,0.0,0,(),0.0,0.0
6565,PABT Ramp,0.0,0.0,0.0,0,(),0.0,0.0
6570,PABT Ramp,0.0,0.0,0.0,0,(),0.0,0.0
6575,PABT Ramp,0.0,0.0,0.0,0,(),0.0,0.0
6580,PABT Ramp,0.0,0.0,0.0,0,(),0.0,0.0
6585,PABT Ramp,0.0,0.0,0.0,0,(),0.0,0.0
6590,PABT Ramp,0.0,0.0,0.0,0,(),0.0,0.0
6595,PABT Ramp,0.0,0.0,0.0,0,(),0.0,0.0
6600,PABT Ramp,0.0,0.0,0.0,0,(),0.0,0.0
6605,PABT Ramp,0.0,0.0,0.0,0,(),0.0,0.0
6610,PABT Ramp,0.0,0.0,0.0,0,(),0.0,0.0
6615,PABT Ramp,0.0,0.0,0.0,0,(),0.0,0.0
6620,PABT Ramp,0.0,0.0,0.0,0,(),0.0,0.0
6625,PABT Ramp,0.0,0.0,0.0,0,(),0.0,0.0
6630,PABT Ramp,0.0,0.0,0.0,0,(),0.0,0.0
6635,PABT Ramp,0.0,0.0,0.0,0,(),0.0,0.0
6640,PABT Ramp,0.0,0.0,0.0,0,(),0.0,0.0
6645,PABT Ramp,0.0,0.0,0.0,0,(),0.0,0.0
6650,PABT Ramp,0.0,0.0,0.0,0,(),0.0,0.0
6655,PABT Ramp,0.0,0.0,0.0,0,(),0.0,0.0
6660,PABT Ramp,0.0,0.0,0.0,0,(),0.0,0.0
6665,PABT Ramp,0.0,0.0,0.0,0,(),0.0,0.0
6670,PABT Ramp,0.0,0.0,0.0,0,(),0.0,0.0
6675,PABT Ramp,0.0,0.0,0.0,0,(),0.0,0.0
6680,PABT Ramp,0.0,0.0,0.0,0,(),0.0,0.0
6685,PABT Ramp,0.0,0.0,0.0,0,(),0.0,0.0
6690,PABT Ramp,0.0,0.0,0.0,0,(),0.0,0.0
6695,PABT Ramp,0.0,0.0,0.0,0,(),0.0,0.0
6700,PABT Ramp,0.0,0.0,0.0,0,(),0.0,0.0
6705,PABT Ramp,0.0,0.0,0.0,0,(),0.0,0.0
6710,PABT Ramp,0.0,0.0,0.0,0,(),0.0,0.0
6715,PABT Ramp,0.0,0.0,0.0,0,(),0.0,0.0
6720,PABT Ramp,0.0,0.0,0.0,0,(),0.0,0.0
6725,PABT Ramp,0.0,0.0,0.0,0,(),0.0,0.0
6730,PABT Ramp,0.0,0.0,0.0,0,(),0.0,0.0
6735,PABT Ramp,0.0,0.0,0.0,0,(),0.0,0.0
6740,PABT Ramp,0.0,0.0,0.0,0,(),0.0,0.0
6745,PABT Ramp,0.0,0.0,0.0,0,(),0.0,0.0
6750,PABT Ramp,0.0,0.0,0.0,0,(),0.0,0.0
6755,PABT Ramp,0.0,0.0,0.0,0,(),0.0,0.0
6760,PABT Ramp,0.0,0.0,0.0,0,(),0.0,0.0
6765,PABT Ramp,0.0,0.0,0.0,0,(),0.0,0.0
6770,PABT Ramp,0.0,0.0,0.0,0,(),0.0,0.0
6775,PABT Ramp,0.0,0.0,0.0,0,(),0.0,0.0
6780,PABT Ramp,0.0,0.0,0.0,0,(),0.0,0.0
6785,PABT Ramp,0.0,0.0,0.0,0,(),0.0,0.0
6790,PABT Ramp,0.0,0.0,0.0,0,(),0.0,0.0
6795,PABT Ramp,0.0,0.0,0.0,0,(),0.0,0.0
6800,PABT Ramp,0.0,0.0,0.0,0,(),0.0,0.0
6805,PABT Ramp,0.0,0.0,0.0,0,(),0.0,0.0
6810,PABT Ramp,0.0,0.0,0.0,0,(),0.0,0.0
6815,PABT Ramp,0.0,0.0,0.0,0,(),0.0,0.0
6820,PABT Ramp,0.0,0.0,0.0,0,(),0.0,0.0
6825,PABT Ramp,0.0,0.0,0.0,0,(),0.0,0.0
6830,PABT Ramp,0.0,0.0,0.0,0,(),0.0,0.0
6835,PABT Ramp,0.0,0.0,0.0,0,(),0.0,0.0
6840,PABT Ramp,0.0,0.0,0.0,0,(),0.0,0.0
6845,PABT Ramp,0.0,0.0,0.0,0,(),0.0,0.0
6850,PABT Ramp,0.0,0.0,0.0,0,(),0.0,0.0
6855,PABT Ramp,0.0,0.0,0.0,0,(),0.0,0.0
6860,PABT Ramp,0.0,0.0,0.0,0,(),0.0,0.0
6865,PABT Ramp,0.0,0.0,0.0,0,(),0.0,0.0
6870,PABT Ramp,0.0,0.0,0.0,0,(),0.0,0.0
6875,PABT Ramp,0.0,0.0,0.0,0,(),0.0,0.0
6880,PABT Ramp,0.0,0.0,0.0,0,(),0.0,0.0
6885,PABT Ramp,0.0,0.0,0.0,0,(),0.0,0.0
6890,PABT Ramp,0.0,0.0,0.0,0,(),0.0,0.0
6895,PABT Ramp,0.0,0.0,0.0,0,(),0.0,0.0
6900,PABT Ramp,0.0,0.0,0.0,0,(),0.0,0.0
6905,PABT Ramp,0.0,0.0,0.0,0,(),0.0,0.0
6910,PABT Ramp,0.0,0.0,0.0,0,(),0.0,0.0
6915,PABT Ramp,0.0,0.0,0.0,0,(),0.0,0.0
6920,PABT Ramp,0.0,0.0,0.0,0,(),0.0,0.0
6925,PABT Ramp,0.0,0.0,0.0,0,(),0.0,0.0
6930,PABT Ramp,0.0,0.0,0.0,0,(),0.0,0.0
6935,PABT Ramp,0.0,0.0,0.0,0,(),0.0,0.0
6940,PABT Ramp,0.0,0.0,0.0,0,(),0.0,0.0
6945,PABT Ramp,0.0,0.0,0.0,0,(),0.0,0.0
6950,PABT Ramp,0.0,0.0,0.0,0,(),0.0,0.0
6955,PABT Ramp,0.0,0.0,0.0,0,(),0.0,0.0
6960,PABT Ramp,0.0,0.0,0.0,0,(),0.0,0.0
6965,PABT Ramp,0.0,0.0,0.0,0,(),0.0,0.0
6970,PABT Ramp,0.0,0.0,0.0,0,(),0.0,0.0
6975,PABT Ramp,0.0,0.0,0.0,0,(),0.0,0.0
6980,PABT Ramp,0.0,0.0,0.0,0,(),0.0,0.0
6985,PABT Ramp,0.0,0.0,0.0,0,(),0.0,0.0
6990,PABT Ramp,0.0,0.0,0.0,0,(),0.0,0.0
6995,PABT Ramp,0.0,0.0,0.0,0,(),0.0,0.0
7000,PABT Ramp,0.0,0.0,0.0,0,(),0.0,0.0
7005,PABT Ramp,0.0,0.0,0.0,0,(),0.0,0.0
7010,PABT Ramp,0.0,0.0,0.0,0,(),0.0,0.0
7015,PABT Ramp,0.0,0.0,0.0,0,(),0.0,0.0
7020,PABT Ramp,0.0,0.0,0.0,0,(),0.0,0.0
7025,PABT Ramp,0.0,0.0,0.0,0,(),0.0,0.0
7030,PABT Ramp,0.0,0.0,0.0,0,(),0.0,0.0
7035,PABT Ramp,0.0,0.0,0.0,0,(),0.0,0.0
7040,PABT Ramp,0.0,0.0,0.0,0,(),0.0,0.0
7045,PABT Ramp,0.0,0.0,0.0,0,(),0.0,0.0
7050,PABT Ramp,0.0,0.0,0.0,0,(),0.0,0.0
7055,PABT Ramp,0.0,0.0,0.0,0,(),0.0,0.0
7060,PABT Ramp,0.0,0.0,0.0,0,(),0.0,0.0
7065,PABT Ramp,0.0,0.0,0.0,0,(),0.0,0.0
7070,PABT Ramp,0.0,0.0,0.0,0,(),0.0,0.0
7075,PABT Ramp,0.0,0.0,0.0,0,(),0.0,0.0
7080,PABT Ramp,0.0,0.0,0.0,0,(),0.0,0.0
7085,PABT Ramp,0.0,0.0,0.0,0,(),0.0,0.0
7090,PABT Ramp,0.0,0.0,0.0,0,(),0.0,0.0
7095,PABT Ramp,0.0,0.0,0.0,0,(),0.0,0.0
7100,PABT Ramp,0.0,0.0,0.0,0,(),0.0,0.0
7105,PABT Ramp,0.0,0.0,0.0,0,(),0.0,0.0
7110,PABT Ramp,0.0,0.0,0.0,0,(),0.0,0.0
7115,PABT Ramp,0.0,0.0,0.0,0,(),0.0,0.0
7120,PABT Ramp,0.0,0.0,0.0,0,(),0.0,0.0
7125,PABT Ramp,0.0,0.0,0.0,0,(),0.0,0.0
7130,PABT Ramp,0.0,0.0,0.0,0,(),0.0,0.0
7135,PABT Ramp,0.0,0.0,0.0,0,(),0.0,0.0
7140,PABT Ramp,0.0,0.0,0.0,0,(),0.0,0.0
7145,PABT Ramp,0.0,0.0,0.0,0,(),0.0,0.0
7150,PABT Ramp,0.0,0.0,0.0,0,(),0.0,0.0
7155,PABT Ramp,0.0,0.0,0.0,0,(),0.0,0.0
7160,PABT Ramp,0.0,0.0,0.0,0,(),0.0,0.0
7165,PABT Ramp,0.0,0.0,0.0,0,(),0.0,0.0
7170,PABT Ramp,0.0,0.0,0.0,0,(),0.0,0.0
7175,PABT Ramp,0.0,0.0,0.0,0,(),0.0,0.0
7180,PABT Ramp,0.0,0.0,0.0,0,(),0.0,0.0
7185,PABT Ramp,0.0,0.0,0.0,0,(),0.0,0.0
7190,PABT Ramp,0.0,0.0,0.0,0,(),0.0,0.0
7195,PABT Ramp,0.0,0.0,0.0,0,(),0.0,0.0
7200,PABT Ramp,0.0,0.0,0.0,0,(),0.0,0.0
7205,PABT Ramp,0.0,0.0,0.0,0,(),0.0,0.0
7210,PABT Ramp,0.0,0.0,0.0,0,(),0.0,0.0
7215,PABT Ramp,0.0,0.0,0.0,0,(),0.0,0.0
7220,PABT Ramp,0.0,0.0,0.0,0,(),0.0,0.0
7225,PABT Ramp,0.0,0.0,0.0,0,(),0.0,0.0
7230,PABT Ramp,0.0,0.0,0.0,0,(),0.0,0.0
7235,PABT Ramp,0.0,0.0,0.0,0,(),0.0,0.0
7240,PABT Ramp,0.0,0.0,0.0,0,(),0.0,0.0
7245,PABT Ramp,0.0,0.0,0.0,0,(),0.0,0.0
7250,PABT Ramp,0.0,0.0,0.0,0,(),0.0,0.0
7255,PABT Ramp,0.0,0.0,0.0,0,(),0.0,0.0
7260,PABT Ramp,0.0,0.0,0.0,0,(),0.0,0.0
7265,PABT Ramp,0.0,0.0,0.0,0,(),0.0,0.0
7270,PABT Ramp,0.0,0.0,0.0,0,(),0.0,0.0
7275,PABT Ramp,0.0,0.0,0.0,0,(),0.0,0.0
7280,PABT Ramp,0.0,0.0,0.0,0,(),0.0,0.0
7285,PABT Ramp,0.0,0.0,0.0,0,(),0.0,0.0
7290,PABT Ramp,0.0,0.0,0.0,0,(),0.0,0.0
7295,PABT Ramp,0.0,0.0,0.0,0,(),0.0,0.0
7300,PABT Ramp,0.0,0.0,0.0,0,(),0.0,0.0
7305,PABT Ramp,0.0,0.0,0.0,0,(),0.0,0.0
7310,PABT Ramp,0.0,0.0,0.0,0,(),0.0,0.0
7315,PABT Ramp,0.0,0.0,0.0,0,(),0.0,0.0
7320,PABT Ramp,0.0,0.0,0.0,0,(),0.0,0.0
7325,PABT Ramp,0.0,0.0,0.0,0,(),0.0,0.0
7330,PABT Ramp,0.0,0.0,0.0,0,(),0.0,0.0
7335,PABT Ramp,0.0,0.0,0.0,0,(),0.0,0.0
7340,PABT Ramp,0.0,0.0,0.0,0,(),0.0,0.0
7345,PABT Ramp,0.0,0.0,0.0,0,(),0.0,0.0
7350,PABT Ramp,0.0,0.0,0.0,0,(),0.0,0.0
7355,PABT Ramp,0.0,0.0,0.0,0,(),0.0,0.0
7360,PABT Ramp,0.0,0.0,0.0,0,(),0.0,0.0
7365,PABT Ramp,0.0,0.0,0.0,0,(),0.0,0.0
7370,PABT Ramp,0.0,0.0,0.0,0,(),0.0,0.0
7375,PABT Ramp,0.0,0.0,0.0,0,(),0.0,0.0
7380,PABT Ramp,0.0,0.0,0.0,0,(),0.0,0.0
7385,PABT Ramp,0.0,0.0,0.0,0,(),0.0,0.0
7390,PABT Ramp,0.0,0.0,0.0,0,(),0.0,0.0
7395,PABT Ramp,0.0,0.0,0.0,0,(),0.0,0.0
7400,PABT Ramp,0.0,0.0,0.0,0,(),0.0,0.0
7405,PABT Ramp,0.0,0.0,0.0,0,(),0.0,0.0
7410,PABT Ramp,0.0,0.0,0.0,0,(),0.0,0.0
7415,PABT Ramp,0.0,0.0,0.0,0,(),0.0,0.0
7420,PABT Ramp,0.0,0.0,0.0,0,(),0.0,0.0
7425,PABT Ramp,0.0,0.0,0.0,0,(),0.0,0.0
7430,PABT Ramp,0.0,0.0,0.0,0,(),0.0,0.0
7435,PABT Ramp,0.0,0.0,0.0,0,(),0.0,0.0
7440,PABT Ramp,0.0,0.0,0.0,0,(),0.0,0.0
7445,PABT Ramp,0.0,0.0,0.0,0,(),0.0,0.0
7450,PABT Ramp,0.0,0.0,0.0,0,(),0.0,0.0
7455,PABT Ramp,0.0,0.0,0.0,0,(),0.0,0.0
7460,PABT Ramp,0.0,0.0,0.0,0,(),0.0,0.0
7465,PABT Ramp,0.0,0.0,0.0,0,(),0.0,0.0
7470,PABT Ramp,0.0,0.0,0.0,0,(),0.0,0.0
7475,PABT Ramp,0.0,0.0,0.0,0,(),0.0,0.0
7480,PABT Ramp,0.0,0.0,0.0,0,(),0.0,0.0
7485,PABT Ramp,0.0,0.0,0.0,0,(),0.0,0.0
7490,PABT Ramp,0.0,0.0,0.0,0,(),0.0,0.0
7495,PABT Ramp,0.0,0.0,0.0,0,(),0.0,0.0
7500,PABT Ramp,0.0,0.0,0.0,0,(),0.0,0.0
7505,PABT Ramp,0.0,0.0,0.0,0,(),0.0,0.0
7510,PABT Ramp,0.0,0.0,0.0,0,(),0.0,0.0
7515,PABT Ramp,0.0,0.0,0.0,0,(),0.0,0.0
7520,PABT Ramp,0.0,0.0,0.0,0,(),0.0,0.0
7525,PABT Ramp,0.0,0.0,0.0,0,(),0.0,0.0
7530,PABT Ramp,0.0,0.0,0.0,0,(),0.0,0.0
7535,PABT Ramp,0.0,0.0,0.0,0,(),0.0,0.0
7540,PABT Ramp,0.0,0.0,0.0,0,(),0.0,0.0
7545,PABT Ramp,0.0,0.0,0.0,0,(),0.0,0.0
7550,PABT Ramp,0.0,0.0,0.0,0,(),0.0,0.0
7555,PABT Ramp,0.0,0.0,0.0,0,(),0.0,0.0
7560,PABT Ramp,0.0,0.0,0.0,0,(),0.0,0.0
7565,PABT Ramp,0.0,0.0,0.0,0,(),0.0,0.0
7570,PABT Ramp,0.0,0.0,0.0,0,(),0.0,0.0
7575,PABT Ramp,0.0,0.0,0.0,0,(),0.0,0.0
7580,PABT Ramp,0.0,0.0,0.0,0,(),0.0,0.0
7585,PABT Ramp,0.0,0.0,0.0,0,(),0.0,0.0
7590,PABT Ramp,0.0,0.0,0.0,0,(),0.0,0.0
7595,PABT Ramp,0.0,0.0,0.0,0,(),0.0,0.0
7600,PABT Ramp,0.0,0.0,0.0,0,(),0.0,0.0
7605,PABT Ramp,0.0,0.0,0.0,0,(),0.0,0.0
7610,PABT Ramp,0.0,0.0,0.0,0,(),0.0,0.0
7615,PABT Ramp,0.0,0.0,0.0,0,(),0.0,0.0
7620,PABT Ramp,0.0,0.0,0.0,0,(),0.0,0.0
7625,PABT Ramp,0.0,0.0,0.0,0,(),0.0,0.0
7630,PABT Ramp,0.0,0.0,0.0,0,(),0.0,0.0
7635,PABT Ramp,0.0,0.0,0.0,0,(),0.0,0.0
7640,PABT Ramp,0.0,0.0,0.0,0,(),0.0,0.0
7645,PABT Ramp,0.0,0.0,0.0,0,(),0.0,0.0
7650,PABT Ramp,0.0,0.0,0.0,0,(),0.0,0.0
7655,PABT Ramp,0.0,0.0,0.0,0,(),0.0,0.0
7660,PABT Ramp,0.0,0.0,0.0,0,(),0.0,0.0
7665,PABT Ramp,0.0,0.0,0.0,0,(),0.0,0.0
7670,PABT Ramp,0.0,0.0,0.0,0,(),0.0,0.0
7675,PABT Ramp,0.0,0.0,0.0,0,(),0.0,0.0
7680,PABT Ramp,0.0,0.0,0.0,0,(),0.0,0.0
7685,PABT Ramp,0.0,0.0,0.0,0,(),0.0,0.0
7690,PABT Ramp,0.0,0.0,0.0,0,(),0.0,0.0
7695,PABT Ramp,0.0,0.0,0.0,0,(),0.0,0.0
7700,PABT Ramp,0.0,0.0,0.0,0,(),0.0,0.0
7705,PABT Ramp,0.0,0.0,0.0,0,(),0.0,0.0
7710,PABT Ramp,0.0,0.0,0.0,0,(),0.0,0.0
7715,PABT Ramp,0.0,0.0,0.0,0,(),0.0,0.0
7720,PABT Ramp,0.0,0.0,0.0,0,(),0.0,0.0
7725,PABT Ramp,0.0,0.0,0.0,0,(),0.0,0.0
7730,PABT Ramp,0.0,0.0,0.0,0,(),0.0,0.0
7735,PABT Ramp,0.0,0.0,0.0,0,(),0.0,0.0
7740,PABT Ramp,0.0,0.0,0.0,0,(),0.0,0.0
7745,PABT Ramp,0.0,0.0,0.0,0,(),0.0,0.0
7750,PABT Ramp,0.0,0.0,0.0,0,(),0.0,0.0
7755,PABT Ramp,0.0,0.0,0.0,0,(),0.0,0.0
7760,PABT Ramp,0.0,0.0,0.0,0,(),0.0,0.0
7765,PABT Ramp,0.0,0.0,0.0,0,(),0.0,0.0
7770,PABT Ramp,0.0,0.0,0.0,0,(),0.0,0.0
7775,PABT Ramp,0.0,0.0,0.0,0,(),0.0,0.0
7780,PABT Ramp,0.0,0.0,0.0,0,(),0.0,0.0
7785,PABT Ramp,0.0,0.0,0.0,0,(),0.0,0.0
7790,PABT Ramp,0.0,0.0,0.0,0,(),0.0,0.0
7795,PABT Ramp,0.0,0.0,0.0,0,(),0.0,0.0
7800,PABT Ramp,0.0,0.0,0.0,0,(),0.0,0.0
7805,PABT Ramp,0.0,0.0,0.0,0,(),0.0,0.0
7810,PABT Ramp,0.0,0.0,0.0,0,(),0.0,0.0
7815,PABT Ramp,0.0,0.0,0.0,0,(),0.0,0.0
7820,PABT Ramp,0.0,0.0,0.0,0,(),0.0,0.0
7825,PABT Ramp,0.0,0.0,0.0,0,(),0.0,0.0
7830,PABT Ramp,0.0,0.0,0.0,0,(),0.0,0.0
7835,PABT Ramp,0.0,0.0,0.0,0,(),0.0,0.0
7840,PABT Ramp,0.0,0.0,0.0,0,(),0.0,0.0
7845,PABT Ramp,0.0,0.0,0.0,0,(),0.0,0.0
7850,PABT Ramp,0.0,0.0,0.0,0,(),0.0,0.0
7855,PABT Ramp,0.0,0.0,0.0,0,(),0.0,0.0
7860,PABT Ramp,0.0,0.0,0.0,0,(),0.0,0.0
7865,PABT Ramp,0.0,0.0,0.0,0,(),0.0,0.0
7870,PABT Ramp,0.0,0.0,0.0,0,(),0.0,0.0
7875,PABT Ramp,0.0,0.0,0.0,0,(),0.0,0.0
7880,PABT Ramp,0.0,0.0,0.0,0,(),0.0,0.0
7885,PABT Ramp,0.0,0.0,0.0,0,(),0.0,0.0
7890,PABT Ramp,0.0,0.0,0.0,0,(),0.0,0.0
7895,PABT Ramp,0.0,0.0,0.0,0,(),0.0,0.0
7900,PABT Ramp,0.0,0.0,0.0,0,(),0.0,0.0
7905,PABT Ramp,0.0,0.0,0.0,0,(),0.0,0.0
7910,PABT Ramp,0.0,0.0,0.0,0,(),0.0,0.0
7915,PABT Ramp,0.0,0.0,0.0,0,(),0.0,0.0
7920,PABT Ramp,0.0,0.0,0.0,0,(),0.0,0.0
7925,PABT Ramp,0.0,0.0,0.0,0,(),0.0,0.0
7930,PABT Ramp,0.0,0.0,0.0,0,(),0.0,0.0
7935,PABT Ramp,0.0,0.0,0.0,0,(),0.0,0.0
7940,PABT Ramp,0.0,0.0,0.0,0,(),0.0,0.0
7945,PABT Ramp,0.0,0.0,0.0,0,(),0.0,0.0
7950,PABT Ramp,0.0,0.0,0.0,0,(),0.0,0.0
7955,PABT Ramp,0.0,0.0,0.0,0,(),0.0,0.0
7960,PABT Ramp,0.0,0.0,0.0,0,(),0.0,0.0
7965,PABT Ramp,0.0,0.0,0.0,0,(),0.0,0.0
7970,PABT Ramp,0.0,0.0,0.0,0,(),0.0,0.0
7975,PABT Ramp,0.0,0.0,0.0,0,(),0.0,0.0
7980,PABT Ramp,0.0,0.0,0.0,0,(),0.0,0.0
7985,PABT Ramp,0.0,0.0,0.0,0,(),0.0,0.0
7990,PABT Ramp,0.0,0.0,0.0,0,(),0.0,0.0
7995,PABT Ramp,0.0,0.0,0.0,0,(),0.0,0.0
8000,PABT Ramp,0.0,0.0,0.0,0,(),0.0,0.0
8005,PABT Ramp,0.0,0.0,0.0,0,(),0.0,0.0
8010,PABT Ramp,0.0,0.0,0.0,0,(),0.0,0.0
8015,PABT Ramp,0.0,0.0,0.0,0,(),0.0,0.0
8020,PABT Ramp,0.0,0.0,0.0,0,(),0.0,0.0
8025,PABT Ramp,0.0,0.0,0.0,0,(),0.0,0.0
8030,PABT Ramp,0.0,0.0,0.0,0,(),0.0,0.0
8035,PABT Ramp,0.0,0.0,0.0,0,(),0.0,0.0
8040,PABT Ramp,0.0,0.0,0.0,0,(),0.0,0.0
8045,PABT Ramp,0.0,0.0,0.0,0,(),0.0,0.0
8050,PABT Ramp,0.0,0.0,0.0,0,(),0.0,0.0
8055,PABT Ramp,0.0,0.0,0.0,0,(),0.0,0.0
8060,PABT Ramp,0.0,0.0,0.0,0,(),0.0,0.0
8065,PABT Ramp,0.0,0.0,0.0,0,(),0.0,0.0
8070,PABT Ramp,0.0,0.0,0.0,0,(),0.0,0.0
8075,PABT Ramp,0.0,0.0,0.0,0,(),0.0,0.0
8080,PABT Ramp,0.0,0.0,0.0,0,(),0.0,0.0
8085,PABT Ramp,0.0,0.0,0.0,0,(),0.0,0.0
8090,PABT Ramp,0.0,0.0,0.0,0,(),0.0,0.0
8095,PABT Ramp,0.0,0.0,0.0,0,(),0.0,0.0
8100,PABT Ramp,0.0,0.0,0.0,0,(),0.0,0.0
8105,PABT Ramp,0.0,0.0,0.0,0,(),0.0,0.0
8110,PABT Ramp,0.0,0.0,0.0,0,(),0.0,0.0
8115,PABT Ramp,0.0,0.0,0.0,0,(),0.0,0.0
8120,PABT Ramp,0.0,0.0,0.0,0,(),0.0,0.0
8125,PABT Ramp,0.0,0.0,0.0,0,(),0.0,0.0
8130,PABT Ramp,0.0,0.0,0.0,0,(),0.0,0.0
8135,PABT Ramp,0.0,0.0,0.0,0,(),0.0,0.0
8140,PABT Ramp,0.0,0.0,0.0,0,(),0.0,0.0
8145,PABT Ramp,0.0,0.0,0.0,0,(),0.0,0.0
8150,PABT Ramp,0.0,0.0,0.0,0,(),0.0,0.0
8155,PABT Ramp,0.0,0.0,0.0,0,(),0.0,0.0
8160,PABT Ramp,0.0,0.0,0.0,0,(),0.0,0.0
8165,PABT Ramp,0.0,0.0,0.0,0,(),0.0,0.0
8170,PABT Ramp,0.0,0.0,0.0,0,(),0.0,0.0
8175,PABT Ramp,0.0,0.0,0.0,0,(),0.0,0.0
8180,PABT Ramp,0.0,0.0,0.0,0,(),0.0,0.0
8185,PABT Ramp,0.0,0.0,0.0,0,(),0.0,0.0
8190,PABT Ramp,0.0,0.0,0.0,0,(),0.0,0.0
8195,PABT Ramp,0.0,0.0,0.0,0,(),0.0,0.0
8200,PABT Ramp,0.0,0.0,0.0,0,(),0.0,0.0
8205,PABT Ramp,0.0,0.0,0.0,0,(),0.0,0.0
8210,PABT Ramp,0.0,0.0,0.0,0,(),0.0,0.0
8215,PABT Ramp,0.0,0.0,0.0,0,(),0.0,0.0
8220,PABT Ramp,0.0,0.0,0.0,0,(),0.0,0.0
8225,PABT Ramp,0.0,0.0,0.0,0,(),0.0,0.0
8230,PABT Ramp,0.0,0.0,0.0,0,(),0.0,0.0
8235,PABT Ramp,0.0,0.0,0.0,0,(),0.0,0.0
8240,PABT Ramp,0.0,0.0,0.0,0,(),0.0,0.0
8245,PABT Ramp,0.0,0.0,0.0,0,(),0.0,0.0
8250,PABT Ramp,0.0,0.0,0.0,0,(),0.0,0.0
8255,PABT Ramp,0.0,0.0,0.0,0,(),0.0,0.0
8260,PABT Ramp,0.0,0.0,0.0,0,(),0.0,0.0
8265,PABT Ramp,0.0,0.0,0.0,0,(),0.0,0.0
8270,PABT Ramp,0.0,0.0,0.0,0,(),0.0,0.0
8275,PABT Ramp,0.0,0.0,0.0,0,(),0.0,0.0
8280,PABT Ramp,0.0,0.0,0.0,0,(),0.0,0.0
8285,PABT Ramp,0.0,0.0,0.0,0,(),0.0,0.0
8290,PABT Ramp,0.0,0.0,0.0,0,(),0.0,0.0
8295,PABT Ramp,0.0,0.0,0.0,0,(),0.0,0.0
8300,PABT Ramp,0.0,0.0,0.0,0,(),0.0,0.0
8305,PABT Ramp,0.0,0.0,0.0,0,(),0.0,0.0
8310,PABT Ramp,0.0,0.0,0.0,0,(),0.0,0.0
8315,PABT Ramp,0.0,0.0,0.0,0,(),0.0,0.0
8320,PABT Ramp,0.0,0.0,0.0,0,(),0.0,0.0
8325,PABT Ramp,0.0,0.0,0.0,0,(),0.0,0.0
8330,PABT Ramp,0.0,0.0,0.0,0,(),0.0,0.0
8335,PABT Ramp,0.0,0.0,0.0,0,(),0.0,0.0
8340,PABT Ramp,0.0,0.0,0.0,0,(),0.0,0.0
8345,PABT Ramp,0.0,0.0,0.0,0,(),0.0,0.0
8350,PABT Ramp,0.0,0.0,0.0,0,(),0.0,0.0
8355,PABT Ramp,0.0,0.0,0.0,0,(),0.0,0.0
8360,PABT Ramp,0.0,0.0,0.0,0,(),0.0,0.0
8365,PABT Ramp,0.0,0.0,0.0,0,(),0.0,0.0
8370,PABT Ramp,0.0,0.0,0.0,0,(),0.0,0.0
8375,PABT Ramp,0.0,0.0,0.0,0,(),0.0,0.0
8380,PABT Ramp,0.0,0.0,0.0,0,(),0.0,0.0
8385,PABT Ramp,0.0,0.0,0.0,0,(),0.0,0.0
8390,PABT Ramp,0.0,0.0,0.0,0,(),0.0,0.0
8395,PABT Ramp,0.0,0.0,0.0,0,(),0.0,0.0
8400,PABT Ramp,0.0,0.0,0.0,0,(),0.0,0.0
8405,PABT Ramp,0.0,0.0,0.0,0,(),0.0,0.0
8410,PABT Ramp,0.0,0.0,0.0,0,(),0.0,0.0
8415,PABT Ramp,0.0,0.0,0.0,0,(),0.0,0.0
8420,PABT Ramp,0.0,0.0,0.0,0,(),0.0,0.0
8425,PABT Ramp,0.0,0.0,0.0,0,(),0.0,0.0
8430,PABT Ramp,0.0,0.0,0.0,0,(),0.0,0.0
8435,PABT Ramp,0.0,0.0,0.0,0,(),0.0,0.0
8440,PABT Ramp,0.0,0.0,0.0,0,(),0.0,0.0
8445,PABT Ramp,0.0,0.0,0.0,0,(),0.0,0.0
8450,PABT Ramp,0.0,0.0,0.0,0,(),0.0,0.0
8455,PABT Ramp,0.0,0.0,0.0,0,(),0.0,0.0
8460,PABT Ramp,0.0,0.0,0.0,0,(),0.0,0.0
8465,PABT Ramp,0.0,0.0,0.0,0,(),0.0,0.0
8470,PABT Ramp,0.0,0.0,0.0,0,(),0.0,0.0
8475,PABT Ramp,0.0,0.0,0.0,0,(),0.0,0.0
8480,PABT Ramp,0.0,0.0,0.0,0,(),0.0,0.0
8485,PABT Ramp,0.0,0.0,0.0,0,(),0.0,0.0
8490,PABT Ramp,0.0,0.0,0.0,0,(),0.0,0.0
8495,PABT Ramp,0.0,0.0,0.0,0,(),0.0,0.0
8500,PABT Ramp,0.0,0.0,0.0,0,(),0.0,0.0
8505,PABT Ramp,0.0,0.0,0.0,0,(),0.0,0.0
8510,PABT Ramp,0.0,0.0,0.0,0,(),0.0,0.0
8515,PABT Ramp,0.0,0.0,0.0,0,(),0.0,0.0
8520,PABT Ramp,0.0,0.0,0.0,0,(),0.0,0.0
8525,PABT Ramp,0.0,0.0,0.0,0,(),0.0,0.0
8530,PABT Ramp,0.0,0.0,0.0,0,(),0.0,0.0
8535,PABT Ramp,0.0,0.0,0.0,0,(),0.0,0.0
8540,PABT Ramp,0.0,0.0,0.0,0,(),0.0,0.0
8545,PABT Ramp,0.0,0.0,0.0,0,(),0.0,0.0
8550,PABT Ramp,0.0,0.0,0.0,0,(),0.0,0.0
8555,PABT Ramp,0.0,0.0,0.0,0,(),0.0,0.0
8560,PABT Ramp,0.0,0.0,0.0,0,(),0.0,0.0
8565,PABT Ramp,0.0,0.0,0.0,0,(),0.0,0.0
8570,PABT Ramp,0.0,0.0,0.0,0,(),0.0,0.0
8575,PABT Ramp,0.0,0.0,0.0,0,(),0.0,0.0
8580,PABT Ramp,0.0,0.0,0.0,0,(),0.0,0.0
8585,PABT Ramp,0.0,0.0,0.0,0,(),0.0,0.0
8590,PABT Ramp,0.0,0.0,0.0,0,(),0.0,0.0
8595,PABT Ramp,0.0,0.0,0.0,0,(),0.0,0.0
8600,PABT Ramp,0.0,0.0,0.0,0,(),0.0,0.0
8605,PABT Ramp,0.0,0.0,0.0,0,(),0.0,0.0
8610,PABT Ramp,0.0,0.0,0.0,0,(),0.0,0.0
8615,PABT Ramp,0.0,0.0,0.0,0,(),0.0,0.0
8620,PABT Ramp,0.0,0.0,0.0,0,(),0.0,0.0
8625,PABT Ramp,0.0,0.0,0.0,0,(),0.0,0.0
8630,PABT Ramp,0.0,0.0,0.0,0,(),0.0,0.0
8635,PABT Ramp,0.0,0.0,0.0,0,(),0.0,0.0
8640,PABT Ramp,0.0,0.0,0.0,0,(),0.0,0.0
8645,PABT Ramp,0.0,0.0,0.0,0,(),0.0,0.0
8650,PABT Ramp,0.0,0.0,0.0,0,(),0.0,0.0
8655,PABT Ramp,0.0,0.0,0.0,0,(),0.0,0.0
8660,PABT Ramp,0.0,0.0,0.0,0,(),0.0,0.0
8665,PABT Ramp,0.0,0.0,0.0,0,(),0.0,0.0
8670,PABT Ramp,0.0,0.0,0.0,0,(),0.0,0.0
8675,PABT Ramp,0.0,0.0,0.0,0,(),0.0,0.0
8680,PABT Ramp,0.0,0.0,0.0,0,(),0.0,0.0
8685,PABT Ramp,0.0,0.0,0.0,0,(),0.0,0.0
8690,PABT Ramp,0.0,0.0,0.0,0,(),0.0,0.0
8695,PABT Ramp,0.0,0.0,0.0,0,(),0.0,0.0
8700,PABT Ramp,0.0,0.0,0.0,0,(),0.0,0.0
8705,PABT Ramp,0.0,0.0,0.0,0,(),0.0,0.0
8710,PABT Ramp,0.0,0.0,0.0,0,(),0.0,0.0
8715,PABT Ramp,0.0,0.0,0.0,0,(),0.0,0.0
8720,PABT Ramp,0.0,0.0,0.0,0,(),0.0,0.0
8725,PABT Ramp,0.0,0.0,0.0,0,(),0.0,0.0
8730,PABT Ramp,0.0,0.0,0.0,0,(),0.0,0.0
8735,PABT Ramp,0.0,0.0,0.0,0,(),0.0,0.0
8740,PABT Ramp,0.0,0.0,0.0,0,(),0.0,0.0
8745,PABT Ramp,0.0,0.0,0.0,0,(),0.0,0.0
8750,PABT Ramp,0.0,0.0,0.0,0,(),0.0,0.0
8755,PABT Ramp,0.0,0.0,0.0,0,(),0.0,0.0
8760,PABT Ramp,0.0,0.0,0.0,0,(),0.0,0.0
8765,PABT Ramp,0.0,0.0,0.0,0,(),0.0,0.0
8770,PABT Ramp,0.0,0.0,0.0,0,(),0.0,0.0
8775,PABT Ramp,0.0,0.0,0.0,0,(),0.0,0.0
8780,PABT Ramp,0.0,0.0,0.0,0,(),0.0,0.0
8785,PABT Ramp,0.0,0.0,0.0,0,(),0.0,0.0
8790,PABT Ramp,0.0,0.0,0.0,0,(),0.0,0.0
8795,PABT Ramp,0.0,0.0,0.0,0,(),0.0,0.0
8800,PABT Ramp,0.0,0.0,0.0,0,(),0.0,0.0
8805,PABT Ramp,0.0,0.0,0.0,0,(),0.0,0.0
8810,PABT Ramp,0.0,0.0,0.0,0,(),0.0,0.0
8815,PABT Ramp,0.0,0.0,0.0,0,(),0.0,0.0
8820,PABT Ramp,0.0,0.0,0.0,0,(),0.0,0.0
8825,PABT Ramp,0.0,0.0,0.0,0,(),0.0,0.0
8830,PABT Ramp,0.0,0.0,0.0,0,(),0.0,0.0
8835,PABT Ramp,0.0,0.0,0.0,0,(),0.0,0.0
8840,PABT Ramp,0.0,0.0,0.0,0,(),0.0,0.0
8845,PABT Ramp,0.0,0.0,0.0,0,(),0.0,0.0
8850,PABT Ramp,0.0,0.0,0.0,0,(),0.0,0.0
8855,PABT Ramp,0.0,0.0,0.0,0,(),0.0,0.0
8860,PABT Ramp,0.0,0.0,0.0,0,(),0.0,0.0
8865,PABT Ramp,0.0,0.0,0.0,0,(),0.0,0.0
8870,PABT Ramp,0.0,0.0,0.0,0,(),0.0,0.0
8875,PABT Ramp,0.0,0.0,0.0,0,(),0.0,0.0
8880,PABT Ramp,0.0,0.0,0.0,0,(),0.0,0.0
8885,PABT Ramp,0.0,0.0,0.0,0,(),0.0,0.0
8890,PABT Ramp,0.0,0.0,0.0,0,(),0.0,0.0
8895,PABT Ramp,0.0,0.0,0.0,0,(),0.0,0.0
8900,PABT Ramp,0.0,0.0,0.0,0,(),0.0,0.0
8905,PABT Ramp,0.0,0.0,0.0,0,(),0.0,0.0
8910,PABT Ramp,0.0,0.0,0.0,0,(),0.0,0.0
8915,PABT Ramp,0.0,0.0,0.0,0,(),0.0,0.0
8920,PABT Ramp,0.0,0.0,0.0,0,(),0.0,0.0
8925,PABT Ramp,0.0,0.0,0.0,0,(),0.0,0.0
8930,PABT Ramp,0.0,0.0,0.0,0,(),0.0,0.0
8935,PABT Ramp,0.0,0.0,0.0,0,(),0.0,0.0
8940,PABT Ramp,0.0,0.0,0.0,0,(),0.0,0.0
8945,PABT Ramp,0.0,0.0,0.0,0,(),0.0,0.0
8950,PABT Ramp,0.0,0.0,0.0,0,(),0.0,0.0
8955,PABT Ramp,0.0,0.0,0.0,0,(),0.0,0.0
8960,PABT Ramp,0.0,0.0,0.0,0,(),0.0,0.0
8965,PABT Ramp,0.0,0.0,0.0,0,(),0.0,0.0
8970,PABT Ramp,0.0,0.0,0.0,0,(),0.0,0.0
8975,PABT Ramp,0.0,0.0,0.0,0,(),0.0,0.0
8980,PABT Ramp,0.0,0.0,0.0,0,(),0.0,0.0
8985,PABT Ramp,0.0,0.0,0.0,0,(),0.0,0.0
8990,PABT Ramp,0.0,0.0,0.0,0,(),0.0,0.0
8995,PABT Ramp,0.0,0.0,0.0,0,(),0.0,0.0
9000,PABT Ramp,0.0,0.0,0.0,0,(),0.0,0.0
9005,PABT Ramp,0.0,0.0,0.0,0,(),0.0,0.0
9010,PABT Ramp,0.0,0.0,0.0,0,(),0.0,0.0
9015,PABT Ramp,0.0,0.0,0.0,0,(),0.0,0.0
9020,PABT Ramp,0.0,0.0,0.0,0,(),0.0,0.0
9025,PABT Ramp,0.0,0.0,0.0,0,(),0.0,0.0
9030,PABT Ramp,0.0,0.0,0.0,0,(),0.0,0.0
9035,PABT Ramp,0.0,0.0,0.0,0,(),0.0,0.0
9040,PABT Ramp,0.0,0.0,0.0,0,(),0.0,0.0
9045,PABT Ramp,0.0,0.0,0.0,0,(),0.0,0.0
9050,PABT Ramp,0.0,0.0,0.0,0,(),0.0,0.0
9055,PABT Ramp,0.0,0.0,0.0,0,(),0.0,0.0
9060,PABT Ramp,0.0,0.0,0.0,0,(),0.0,0.0
9065,PABT Ramp,0.0,0.0,0.0,0,(),0.0,0.0
9070,PABT Ramp,0.0,0.0,0.0,0,(),0.0,0.0
9075,PABT Ramp,0.0,0.0,0.0,0,(),0.0,0.0
9080,PABT Ramp,0.0,0.0,0.0,0,(),0.0,0.0
9085,PABT Ramp,0.0,0.0,0.0,0,(),0.0,0.0
9090,PABT Ramp,0.0,0.0,0.0,0,(),0.0,0.0
9095,PABT Ramp,0.0,0.0,0.0,0,(),0.0,0.0
9100,PABT Ramp,0.0,0.0,0.0,0,(),0.0,0.0
9105,PABT Ramp,0.0,0.0,0.0,0,(),0.0,0.0
9110,PABT Ramp,0.0,0.0,0.0,0,(),0.0,0.0
9115,PABT Ramp,0.0,0.0,0.0,0,(),0.0,0.0
9120,PABT Ramp,0.0,0.0,0.0,0,(),0.0,0.0
9125,PABT Ramp,0.0,0.0,0.0,0,(),0.0,0.0
9130,PABT Ramp,0.0,0.0,0.0,0,(),0.0,0.0
9135,PABT Ramp,0.0,0.0,0.0,0,(),0.0,0.0
9140,PABT Ramp,0.0,0.0,0.0,0,(),0.0,0.0
9145,PABT Ramp,0.0,0.0,0.0,0,(),0.0,0.0
9150,PABT Ramp,0.0,0.0,0.0,0,(),0.0,0.0
9155,PABT Ramp,0.0,0.0,0.0,0,(),0.0,0.0
9160,PABT Ramp,0.0,0.0,0.0,0,(),0.0,0.0
9165,PABT Ramp,0.0,0.0,0.0,0,(),0.0,0.0
9170,PABT Ramp,0.0,0.0,0.0,0,(),0.0,0.0
9175,PABT Ramp,0.0,0.0,0.0,0,(),0.0,0.0
9180,PABT Ramp,0.0,0.0,0.0,0,(),0.0,0.0
9185,PABT Ramp,0.0,0.0,0.0,0,(),0.0,0.0
9190,PABT Ramp,0.0,0.0,0.0,0,(),0.0,0.0
9195,PABT Ramp,0.0,0.0,0.0,0,(),0.0,0.0
9200,PABT Ramp,0.0,0.0,0.0,0,(),0.0,0.0
9205,PABT Ramp,0.0,0.0,0.0,0,(),0.0,0.0
9210,PABT Ramp,0.0,0.0,0.0,0,(),0.0,0.0
9215,PABT Ramp,0.0,0.0,0.0,0,(),0.0,0.0
9220,PABT Ramp,0.0,0.0,0.0,0,(),0.0,0.0
9225,PABT Ramp,0.0,0.0,0.0,0,(),0.0,0.0
9230,PABT Ramp,0.0,0.0,0.0,0,(),0.0,0.0
9235,PABT Ramp,0.0,0.0,0.0,0,(),0.0,0.0
9240,PABT Ramp,0.0,0.0,0.0,0,(),0.0,0.0
9245,PABT Ramp,0.0,0.0,0.0,0,(),0.0,0.0
9250,PABT Ramp,0.0,0.0,0.0,0,(),0.0,0.0
9255,PABT Ramp,0.0,0.0,0.0,0,(),0.0,0.0
9260,PABT Ramp,0.0,0.0,0.0,0,(),0.0,0.0
9265,PABT Ramp,0.0,0.0,0.0,0,(),0.0,0.0
9270,PABT Ramp,0.0,0.0,0.0,0,(),0.0,0.0
9275,PABT Ramp,0.0,0.0,0.0,0,(),0.0,0.0
9280,PABT Ramp,0.0,0.0,0.0,0,(),0.0,0.0
9285,PABT Ramp,0.0,0.0,0.0,0,(),0.0,0.0
9290,PABT Ramp,0.0,0.0,0.0,0,(),0.0,0.0
9295,PABT Ramp,0.0,0.0,0.0,0,(),0.0,0.0
9300,PABT Ramp,0.0,0.0,0.0,0,(),0.0,0.0
9305,PABT Ramp,0.0,0.0,0.0,0,(),0.0,0.0
9310,PABT Ramp,0.0,0.0,0.0,0,(),0.0,0.0
9315,PABT Ramp,0.0,0.0,0.0,0,(),0.0,0.0
9320,PABT Ramp,0.0,0.0,0.0,0,(),0.0,0.0
9325,PABT Ramp,0.0,0.0,0.0,0,(),0.0,0.0
9330,PABT Ramp,0.0,0.0,0.0,0,(),0.0,0.0
9335,PABT Ramp,0.0,0.0,0.0,0,(),0.0,0.0
9340,PABT Ramp,0.0,0.0,0.0,0,(),0.0,0.0
9345,PABT Ramp,0.0,0.0,0.0,0,(),0.0,0.0
9350,PABT Ramp,0.0,0.0,0.0,0,(),0.0,0.0
9355,PABT Ramp,0.0,0.0,0.0,0,(),0.0,0.0
9360,PABT Ramp,0.0,0.0,0.0,0,(),0.0,0.0
9365,PABT Ramp,0.0,0.0,0.0,0,(),0.0,0.0
9370,PABT Ramp,0.0,0.0,0.0,0,(),0.0,0.0
9375,PABT Ramp,0.0,0.0,0.0,0,(),0.0,0.0
9380,PABT Ramp,0.0,0.0,0.0,0,(),0.0,0.0
9385,PABT Ramp,0.0,0.0,0.0,0,(),0.0,0.0
9390,PABT Ramp,0.0,0.0,0.0,0,(),0.0,0.0
9395,PABT Ramp,0.0,0.0,0.0,0,(),0.0,0.0
9400,PABT Ramp,0.0,0.0,0.0,0,(),0.0,0.0
9405,PABT Ramp,0.0,0.0,0.0,0,(),0.0,0.0
9410,PABT Ramp,0.0,0.0,0.0,0,(),0.0,0.0
9415,PABT Ramp,0.0,0.0,0.0,0,(),0.0,0.0
9420,PABT Ramp,0.0,0.0,0.0,0,(),0.0,0.0
9425,PABT Ramp,0.0,0.0,0.0,0,(),0.0,0.0
9430,PABT Ramp,0.0,0.0,0.0,0,(),0.0,0.0
9435,PABT Ramp,0.0,0.0,0.0,0,(),0.0,0.0
9440,PABT Ramp,0.0,0.0,0.0,0,(),0.0,0.0
9445,PABT Ramp,0.0,0.0,0.0,0,(),0.0,0.0
9450,PABT Ramp,0.0,0.0,0.0,0,(),0.0,0.0
9455,PABT Ramp,0.0,0.0,0.0,0,(),0.0,0.0
9460,PABT Ramp,0.0,0.0,0.0,0,(),0.0,0.0
9465,PABT Ramp,0.0,0.0,0.0,0,(),0.0,0.0
9470,PABT Ramp,0.0,0.0,0.0,0,(),0.0,0.0
9475,PABT Ramp,0.0,0.0,0.0,0,(),0.0,0.0
9480,PABT Ramp,0.0,0.0,0.0,0,(),0.0,0.0
9485,PABT Ramp,0.0,0.0,0.0,0,(),0.0,0.0
9490,PABT Ramp,0.0,0.0,0.0,0,(),0.0,0.0
9495,PABT Ramp,0.0,0.0,0.0,0,(),0.0,0.0
9500,PABT Ramp,0.0,0.0,0.0,0,(),0.0,0.0
9505,PABT Ramp,0.0,0.0,0.0,0,(),0.0,0.0
9510,PABT Ramp,0.0,0.0,0.0,0,(),0.0,0.0
9515,PABT Ramp,0.0,0.0,0.0,0,(),0.0,0.0
9520,PABT Ramp,0.0,0.0,0.0,0,(),0.0,0.0
9525,PABT Ramp,0.0,0.0,0.0,0,(),0.0,0.0
9530,PABT Ramp,0.0,0.0,0.0,0,(),0.0,0.0
9535,PABT Ramp,0.0,0.0,0.0,0,(),0.0,0.0
9540,PABT Ramp,0.0,0.0,0.0,0,(),0.0,0.0
9545,PABT Ramp,0.0,0.0,0.0,0,(),0.0,0.0
9550,PABT Ramp,0.0,0.0,0.0,0,(),0.0,0.0
9555,PABT Ramp,0.0,0.0,0.0,0,(),0.0,0.0
9560,PABT Ramp,0.0,0.0,0.0,0,(),0.0,0.0
9565,PABT Ramp,0.0,0.0,0.0,0,(),0.0,0.0
9570,PABT Ramp,0.0,0.0,0.0,0,(),0.0,0.0
9575,PABT Ramp,0.0,0.0,0.0,0,(),0.0,0.0
9580,PABT Ramp,0.0,0.0,0.0,0,(),0.0,0.0
9585,PABT Ramp,0.0,0.0,0.0,0,(),0.0,0.0
9590,PABT Ramp,0.0,0.0,0.0,0,(),0.0,0.0
9595,PABT Ramp,0.0,0.0,0.0,0,(),0.0,0.0
9600,PABT Ramp,0.0,0.0,0.0,0,(),0.0,0.0
9605,PABT Ramp,0.0,0.0,0.0,0,(),0.0,0.0
9610,PABT Ramp,0.0,0.0,0.0,0,(),0.0,0.0
9615,PABT Ramp,0.0,0.0,0.0,0,(),0.0,0.0
9620,PABT Ramp,0.0,0.0,0.0,0,(),0.0,0.0
9625,PABT Ramp,0.0,0.0,0.0,0,(),0.0,0.0
9630,PABT Ramp,0.0,0.0,0.0,0,(),0.0,0.0
9635,PABT Ramp,0.0,0.0,0.0,0,(),0.0,0.0
9640,PABT Ramp,0.0,0.0,0.0,0,(),0.0,0.0
9645,PABT Ramp,0.0,0.0,0.0,0,(),0.0,0.0
9650,PABT Ramp,0.0,0.0,0.0,0,(),0.0,0.0
9655,PABT Ramp,0.0,0.0,0.0,0,(),0.0,0.0
9660,PABT Ramp,0.0,0.0,0.0,0,(),0.0,0.0
9665,PABT Ramp,0.0,0.0,0.0,0,(),0.0,0.0
9670,PABT Ramp,0.0,0.0,0.0,0,(),0.0,0.0
9675,PABT Ramp,0.0,0.0,0.0,0,(),0.0,0.0
9680,PABT Ramp,0.0,0.0,0.0,0,(),0.0,0.0
9685,PABT Ramp,0.0,0.0,0.0,0,(),0.0,0.0
9690,PABT Ramp,0.0,0.0,0.0,0,(),0.0,0.0
9695,PABT Ramp,0.0,0.0,0.0,0,(),0.0,0.0
9700,PABT Ramp,0.0,0.0,0.0,0,(),0.0,0.0
9705,PABT Ramp,0.0,0.0,0.0,0,(),0.0,0.0
9710,PABT Ramp,0.0,0.0,0.0,0,(),0.0,0.0
9715,PABT Ramp,0.0,0.0,0.0,0,(),0.0,0.0
9720,PABT Ramp,0.0,0.0,0.0,0,(),0.0,0.0
9725,PABT Ramp,0.0,0.0,0.0,0,(),0.0,0.0
9730,PABT Ramp,0.0,0.0,0.0,0,(),0.0,0.0
9735,PABT Ramp,0.0,0.0,0.0,0,(),0.0,0.0
9740,PABT Ramp,0.0,0.0,0.0,0,(),0.0,0.0
9745,PABT Ramp,0.0,0.0,0.0,0,(),0.0,0.0
9750,PABT Ramp,0.0,0.0,0.0,0,(),0.0,0.0
9755,PABT Ramp,0.0,0.0,0.0,0,(),0.0,0.0
9760,PABT Ramp,0.0,0.0,0.0,0,(),0.0,0.0
9765,PABT Ramp,0.0,0.0,0.0,0,(),0.0,0.0
9770,PABT Ramp,0.0,0.0,0.0,0,(),0.0,0.0
9775,PABT Ramp,0.0,0.0,0.0,0,(),0.0,0.0
9780,PABT Ramp,0.0,0.0,0.0,0,(),0.0,0.0
9785,PABT Ramp,0.0,0.0,0.0,0,(),0.0,0.0
9790,PABT Ramp,0.0,0.0,0.0,0,(),0.0,0.0
9795,PABT Ramp,0.0,0.0,0.0,0,(),0.0,0.0
9800,PABT Ramp,0.0,0.0,0.0,0,(),0.0,0.0
9805,PABT Ramp,0.0,0.0,0.0,0,(),0.0,0.0
9810,PABT Ramp,0.0,0.0,0.0,0,(),0.0,0.0
9815,PABT Ramp,0.0,0.0,0.0,0,(),0.0,0.0
9820,PABT Ramp,0.0,0.0,0.0,0,(),0.0,0.0
9825,PABT Ramp,0.0,0.0,0.0,0,(),0.0,0.0
9830,PABT Ramp,0.0,0.0,0.0,0,(),0.0,0.0
9835,PABT Ramp,0.0,0.0,0.0,0,(),0.0,0.0
9840,PABT Ramp,0.0,0.0,0.0,0,(),0.0,0.0
9845,PABT Ramp,0.0,0.0,0.0,0,(),0.0,0.0
9850,PABT Ramp,0.0,0.0,0.0,0,(),0.0,0.0
9855,PABT Ramp,0.0,0.0,0.0,0,(),0.0,0.0
9860,PABT Ramp,0.0,0.0,0.0,0,(),0.0,0.0
9865,PABT Ramp,0.0,0.0,0.0,0,(),0.0,0.0
9870,PABT Ramp,0.0,0.0,0.0,0,(),0.0,0.0
9875,PABT Ramp,0.0,0.0,0.0,0,(),0.0,0.0
9880,PABT Ramp,0.0,0.0,0.0,0,(),0.0,0.0
9885,PABT Ramp,0.0,0.0,0.0,0,(),0.0,0.0
9890,PABT Ramp,0.0,0.0,0.0,0,(),0.0,0.0
9895,PABT Ramp,0.0,0.0,0.0,0,(),0.0,0.0
9900,PABT Ramp,0.0,0.0,0.0,0,(),0.0,0.0
9905,PABT Ramp,0.0,0.0,0.0,0,(),0.0,0.0
9910,PABT Ramp,0.0,0.0,0.0,0,(),0.0,0.0
9915,PABT Ramp,0.0,0.0,0.0,0,(),0.0,0.0
9920,PABT Ramp,0.0,0.0,0.0,0,(),0.0,0.0
9925,PABT Ramp,0.0,0.0,0.0,0,(),0.0,0.0
9930,PABT Ramp,0.0,0.0,0.0,0,(),0.0,0.0
9935,PABT Ramp,0.0,0.0,0.0,0,(),0.0,0.0
9940,PABT Ramp,0.0,0.0,0.0,0,(),0.0,0.0
9945,PABT Ramp,0.0,0.0,0.0,0,(),0.0,0.0
9950,PABT Ramp,0.0,0.0,0.0,0,(),0.0,0.0
9955,PABT Ramp,0.0,0.0,0.0,0,(),0.0,0.0
9960,PABT Ramp,0.0,0.0,0.0,0,(),0.0,0.0
9965,PABT Ramp,0.0,0.0,0.0,0,(),0.0,0.0
9970,PABT Ramp,0.0,0.0,0.0,0,(),0.0,0.0
9975,PABT Ramp,0.0,0.0,0.0,0,(),0.0,0.0
9980,PABT Ramp,0.0,0.0,0.0,0,(),0.0,0.0
9985,PABT Ramp,0.0,0.0,0.0,0,(),0.0,0.0
9990,PABT Ramp,0.0,0.0,0.0,0,(),0.0,0.0
9995,PABT Ramp,0.0,0.0,0.0,0,(),0.0,0.0
