0,North End Avenue,0.0,0.0,0.0,0,(),0.0,0.0
5,North End Avenue,0.0,0.0,0.0,0,(),0.0,0.0
10,North End Avenue,0.0,0.0,0.0,0,(),0.0,0.0
15,North End Avenue,0.0,0.0,0.0,0,(),0.0,0.0
20,North End Avenue,0.0,0.0,0.0,0,(),0.0,0.0
25,North End Avenue,0.0,0.0,0.0,0,(),0.0,0.0
30,North End Avenue,0.0,0.0,0.0,0,(),0.0,0.0
35,North End Avenue,0.0,0.0,0.0,0,(),0.0,0.0
40,North End Avenue,0.0,0.0,0.0,0,(),0.0,0.0
45,North End Avenue,0.0,0.0,0.0,0,(),0.0,0.0
50,North End Avenue,0.0,0.0,0.0,0,(),0.0,0.0
55,North End Avenue,0.0,0.0,0.0,0,(),0.0,0.0
60,North End Avenue,0.0,0.0,0.0,0,(),0.0,0.0
65,North End Avenue,0.0,0.0,0.0,0,(),0.0,0.0
70,North End Avenue,0.0,0.0,0.0,0,(),0.0,0.0
75,North End Avenue,0.0,0.0,0.0,0,(),0.0,0.0
80,North End Avenue,0.0,0.0,0.0,0,(),0.0,0.0
85,North End Avenue,0.0,0.0,0.0,0,(),0.0,0.0
90,North End Avenue,0.0,0.0,0.0,0,(),0.0,0.0
95,North End Avenue,0.0,0.0,0.0,0,(),0.0,0.0
100,North End Avenue,0.0,0.0,0.0,0,(),0.0,0.0
105,North End Avenue,0.0,0.0,0.0,0,(),0.0,0.0
110,North End Avenue,0.0,0.0,0.0,0,(),0.0,0.0
115,North End Avenue,0.0,0.0,0.0,0,(),0.0,0.0
120,North End Avenue,0.0,0.0,0.0,0,(),0.0,0.0
125,North End Avenue,0.0,0.0,0.0,0,(),0.0,0.0
130,North End Avenue,0.0,0.0,0.0,0,(),0.0,0.0
135,North End Avenue,0.0,0.0,0.0,0,(),0.0,0.0
140,North End Avenue,0.0,0.0,0.0,0,(),0.0,0.0
145,North End Avenue,0.0,0.0,0.0,0,(),0.0,0.0
150,North End Avenue,0.0,0.0,0.0,0,(),0.0,0.0
155,North End Avenue,0.0,0.0,0.0,0,(),0.0,0.0
160,North End Avenue,0.0,0.0,0.0,0,(),0.0,0.0
165,North End Avenue,0.0,0.0,0.0,0,(),0.0,0.0
170,North End Avenue,0.0,0.0,0.0,0,(),0.0,0.0
175,North End Avenue,0.0,0.0,0.0,0,(),0.0,0.0
180,North End Avenue,0.0,0.0,0.0,0,(),0.0,0.0
185,North End Avenue,0.0,0.0,0.0,0,(),0.0,0.0
190,North End Avenue,0.0,0.0,0.0,0,(),0.0,0.0
195,North End Avenue,0.0,0.0,0.0,0,(),0.0,0.0
200,North End Avenue,0.0,0.0,0.0,0,(),0.0,0.0
205,North End Avenue,0.0,0.0,0.0,0,(),0.0,0.0
210,North End Avenue,0.0,0.0,0.0,0,(),0.0,0.0
215,North End Avenue,0.0,0.0,0.0,0,(),0.0,0.0
220,North End Avenue,0.0,0.0,0.0,0,(),0.0,0.0
225,North End Avenue,0.0,0.0,0.0,0,(),0.0,0.0
230,North End Avenue,0.0,0.0,0.0,0,(),0.0,0.0
235,North End Avenue,0.0,0.0,0.0,0,(),0.0,0.0
240,North End Avenue,0.0,0.0,0.0,0,(),0.0,0.0
245,North End Avenue,0.0,0.0,0.0,0,(),0.0,0.0
250,North End Avenue,0.0,0.0,0.0,0,(),0.0,0.0
255,North End Avenue,0.0,0.0,0.0,0,(),0.0,0.0
260,North End Avenue,0.0,0.0,0.0,0,(),0.0,0.0
265,North End Avenue,0.0,0.0,0.0,0,(),0.0,0.0
270,North End Avenue,0.0,0.0,0.0,0,(),0.0,0.0
275,North End Avenue,0.0,0.0,0.0,0,(),0.0,0.0
280,North End Avenue,0.0,0.0,0.0,0,(),0.0,0.0
285,North End Avenue,0.0,0.0,0.0,0,(),0.0,0.0
290,North End Avenue,0.0,0.0,0.0,0,(),0.0,0.0
295,North End Avenue,0.0,0.0,0.0,0,(),0.0,0.0
300,North End Avenue,0.0,0.0,0.0,0,(),0.0,0.0
305,North End Avenue,0.0,0.0,0.0,0,(),0.0,0.0
310,North End Avenue,0.0,0.0,0.0,0,(),0.0,0.0
315,North End Avenue,0.0,0.0,0.0,0,(),0.0,0.0
320,North End Avenue,0.0,0.0,0.0,0,(),0.0,0.0
325,North End Avenue,0.0,0.0,0.0,0,(),0.0,0.0
330,North End Avenue,0.0,0.0,0.0,0,(),0.0,0.0
335,North End Avenue,0.0,0.0,0.0,0,(),0.0,0.0
340,North End Avenue,0.0,0.0,0.0,0,(),0.0,0.0
345,North End Avenue,0.0,0.0,0.0,0,(),0.0,0.0
350,North End Avenue,0.0,0.0,0.0,0,(),0.0,0.0
355,North End Avenue,0.0,0.0,0.0,0,(),0.0,0.0
360,North End Avenue,0.0,0.0,0.0,0,(),0.0,0.0
365,North End Avenue,0.0,0.0,0.0,0,(),0.0,0.0
370,North End Avenue,0.0,0.0,0.0,0,(),0.0,0.0
375,North End Avenue,0.0,0.0,0.0,0,(),0.0,0.0
380,North End Avenue,0.0,0.0,0.0,0,(),0.0,0.0
385,North End Avenue,0.0,0.0,0.0,0,(),0.0,0.0
390,North End Avenue,0.0,0.0,0.0,0,(),0.0,0.0
395,North End Avenue,0.0,0.0,0.0,0,(),0.0,0.0
400,North End Avenue,0.0,0.0,0.0,0,(),0.0,0.0
405,North End Avenue,0.0,0.0,0.0,0,(),0.0,0.0
410,North End Avenue,0.0,0.0,0.0,0,(),0.0,0.0
415,North End Avenue,0.0,0.0,0.0,0,(),0.0,0.0
420,North End Avenue,0.0,0.0,0.0,0,(),0.0,0.0
425,North End Avenue,0.0,0.0,0.0,0,(),0.0,0.0
430,North End Avenue,0.0,0.0,0.0,0,(),0.0,0.0
435,North End Avenue,0.0,0.0,0.0,0,(),0.0,0.0
440,North End Avenue,0.0,0.0,0.0,0,(),0.0,0.0
445,North End Avenue,0.0,0.0,0.0,0,(),0.0,0.0
450,North End Avenue,0.0,0.0,0.0,0,(),0.0,0.0
455,North End Avenue,0.0,0.0,0.0,0,(),0.0,0.0
460,North End Avenue,0.0,0.0,0.0,0,(),0.0,0.0
465,North End Avenue,0.0,0.0,0.0,0,(),0.0,0.0
470,North End Avenue,0.0,0.0,0.0,0,(),0.0,0.0
475,North End Avenue,0.0,0.0,0.0,0,(),0.0,0.0
480,North End Avenue,0.0,0.0,0.0,0,(),0.0,0.0
485,North End Avenue,0.0,0.0,0.0,0,(),0.0,0.0
490,North End Avenue,0.0,0.0,0.0,0,(),0.0,0.0
495,North End Avenue,0.0,0.0,0.0,0,(),0.0,0.0
500,North End Avenue,0.0,0.0,0.0,0,(),0.0,0.0
505,North End Avenue,0.0,0.0,0.0,0,(),0.0,0.0
510,North End Avenue,0.0,0.0,0.0,0,(),0.0,0.0
515,North End Avenue,0.0,0.0,0.0,0,(),0.0,0.0
520,North End Avenue,0.0,0.0,0.0,0,(),0.0,0.0
525,North End Avenue,0.0,0.0,0.0,0,(),0.0,0.0
530,North End Avenue,0.0,0.0,0.0,0,(),0.0,0.0
535,North End Avenue,0.0,0.0,0.0,0,(),0.0,0.0
540,North End Avenue,0.0,0.0,0.0,0,(),0.0,0.0
545,North End Avenue,0.0,0.0,0.0,0,(),0.0,0.0
550,North End Avenue,0.0,0.0,0.0,0,(),0.0,0.0
555,North End Avenue,0.0,0.0,0.0,0,(),0.0,0.0
560,North End Avenue,0.0,0.0,0.0,0,(),0.0,0.0
565,North End Avenue,0.0,0.0,0.0,0,(),0.0,0.0
570,North End Avenue,0.0,0.0,0.0,0,(),0.0,0.0
575,North End Avenue,0.0,0.0,0.0,0,(),0.0,0.0
580,North End Avenue,0.0,0.0,0.0,0,(),0.0,0.0
585,North End Avenue,0.0,0.0,0.0,0,(),0.0,0.0
590,North End Avenue,0.0,0.0,0.0,0,(),0.0,0.0
595,North End Avenue,0.0,0.0,0.0,0,(),0.0,0.0
600,North End Avenue,0.0,0.0,0.0,0,(),0.0,0.0
605,North End Avenue,0.0,0.0,0.0,0,(),0.0,0.0
610,North End Avenue,0.0,0.0,0.0,0,(),0.0,0.0
615,North End Avenue,0.0,0.0,0.0,0,(),0.0,0.0
620,North End Avenue,0.0,0.0,0.0,0,(),0.0,0.0
625,North End Avenue,0.0,0.0,0.0,0,(),0.0,0.0
630,North End Avenue,0.0,0.0,0.0,0,(),0.0,0.0
635,North End Avenue,0.0,0.0,0.0,0,(),0.0,0.0
640,North End Avenue,0.0,0.0,0.0,0,(),0.0,0.0
645,North End Avenue,0.0,0.0,0.0,0,(),0.0,0.0
650,North End Avenue,0.0,0.0,0.0,0,(),0.0,0.0
655,North End Avenue,0.0,0.0,0.0,0,(),0.0,0.0
660,North End Avenue,0.0,0.0,0.0,0,(),0.0,0.0
665,North End Avenue,0.0,0.0,0.0,0,(),0.0,0.0
670,North End Avenue,0.0,0.0,0.0,0,(),0.0,0.0
675,North End Avenue,0.0,0.0,0.0,0,(),0.0,0.0
680,North End Avenue,0.0,0.0,0.0,0,(),0.0,0.0
685,North End Avenue,0.0,0.0,0.0,0,(),0.0,0.0
690,North End Avenue,0.0,0.0,0.0,0,(),0.0,0.0
695,North End Avenue,0.0,0.0,0.0,0,(),0.0,0.0
700,North End Avenue,0.0,0.0,0.0,0,(),0.0,0.0
705,North End Avenue,0.0,0.0,0.0,0,(),0.0,0.0
710,North End Avenue,0.0,0.0,0.0,0,(),0.0,0.0
715,North End Avenue,0.0,0.0,0.0,0,(),0.0,0.0
720,North End Avenue,0.0,0.0,0.0,0,(),0.0,0.0
725,North End Avenue,0.0,0.0,0.0,0,(),0.0,0.0
730,North End Avenue,0.0,0.0,0.0,0,(),0.0,0.0
735,North End Avenue,0.0,0.0,0.0,0,(),0.0,0.0
740,North End Avenue,0.0,0.0,0.0,0,(),0.0,0.0
745,North End Avenue,0.0,0.0,0.0,0,(),0.0,0.0
750,North End Avenue,0.0,0.0,0.0,0,(),0.0,0.0
755,North End Avenue,0.0,0.0,0.0,0,(),0.0,0.0
760,North End Avenue,0.0,0.0,0.0,0,(),0.0,0.0
765,North End Avenue,0.0,0.0,0.0,0,(),0.0,0.0
770,North End Avenue,0.0,0.0,0.0,0,(),0.0,0.0
775,North End Avenue,0.0,0.0,0.0,0,(),0.0,0.0
780,North End Avenue,0.0,0.0,0.0,0,(),0.0,0.0
785,North End Avenue,0.0,0.0,0.0,0,(),0.0,0.0
790,North End Avenue,0.0,0.0,0.0,0,(),0.0,0.0
795,North End Avenue,0.0,0.0,0.0,0,(),0.0,0.0
800,North End Avenue,0.0,0.0,0.0,0,(),0.0,0.0
805,North End Avenue,0.0,0.0,0.0,0,(),0.0,0.0
810,North End Avenue,0.0,0.0,0.0,0,(),0.0,0.0
815,North End Avenue,0.0,0.0,0.0,0,(),0.0,0.0
820,North End Avenue,0.0,0.0,0.0,0,(),0.0,0.0
825,North End Avenue,0.0,0.0,0.0,0,(),0.0,0.0
830,North End Avenue,0.0,0.0,0.0,0,(),0.0,0.0
835,North End Avenue,0.0,0.0,0.0,0,(),0.0,0.0
840,North End Avenue,0.0,0.0,0.0,0,(),0.0,0.0
845,North End Avenue,0.0,0.0,0.0,0,(),0.0,0.0
850,North End Avenue,0.0,0.0,0.0,0,(),0.0,0.0
855,North End Avenue,0.0,0.0,0.0,0,(),0.0,0.0
860,North End Avenue,0.0,0.0,0.0,0,(),0.0,0.0
865,North End Avenue,0.0,0.0,0.0,0,(),0.0,0.0
870,North End Avenue,0.0,0.0,0.0,0,(),0.0,0.0
875,North End Avenue,0.0,0.0,0.0,0,(),0.0,0.0
880,North End Avenue,0.0,0.0,0.0,0,(),0.0,0.0
885,North End Avenue,0.0,0.0,0.0,0,(),0.0,0.0
890,North End Avenue,0.0,0.0,0.0,0,(),0.0,0.0
895,North End Avenue,0.0,0.0,0.0,0,(),0.0,0.0
900,North End Avenue,0.0,0.0,0.0,0,(),0.0,0.0
905,North End Avenue,0.0,0.0,0.0,0,(),0.0,0.0
910,North End Avenue,0.0,0.0,0.0,0,(),0.0,0.0
915,North End Avenue,0.0,0.0,0.0,0,(),0.0,0.0
920,North End Avenue,0.0,0.0,0.0,0,(),0.0,0.0
925,North End Avenue,0.0,0.0,0.0,0,(),0.0,0.0
930,North End Avenue,0.0,0.0,0.0,0,(),0.0,0.0
935,North End Avenue,0.0,0.0,0.0,0,(),0.0,0.0
940,North End Avenue,0.0,0.0,0.0,0,(),0.0,0.0
945,North End Avenue,0.0,0.0,0.0,0,(),0.0,0.0
950,North End Avenue,0.0,0.0,0.0,0,(),0.0,0.0
955,North End Avenue,0.0,0.0,0.0,0,(),0.0,0.0
960,North End Avenue,0.0,0.0,0.0,0,(),0.0,0.0
965,North End Avenue,0.0,0.0,0.0,0,(),0.0,0.0
970,North End Avenue,0.0,0.0,0.0,0,(),0.0,0.0
975,North End Avenue,0.0,0.0,0.0,0,(),0.0,0.0
980,North End Avenue,0.0,0.0,0.0,0,(),0.0,0.0
985,North End Avenue,0.0,0.0,0.0,0,(),0.0,0.0
990,North End Avenue,0.0,0.0,0.0,0,(),0.0,0.0
995,North End Avenue,0.0,0.0,0.0,0,(),0.0,0.0
1000,North End Avenue,0.0,0.0,0.0,0,(),0.0,0.0
1005,North End Avenue,0.0,0.0,0.0,0,(),0.0,0.0
1010,North End Avenue,0.0,0.0,0.0,0,(),0.0,0.0
1015,North End Avenue,0.0,0.0,0.0,0,(),0.0,0.0
1020,North End Avenue,0.0,0.0,0.0,0,(),0.0,0.0
1025,North End Avenue,0.0,0.0,0.0,0,(),0.0,0.0
1030,North End Avenue,0.0,0.0,0.0,0,(),0.0,0.0
1035,North End Avenue,0.0,0.0,0.0,0,(),0.0,0.0
1040,North End Avenue,0.0,0.0,0.0,0,(),0.0,0.0
1045,North End Avenue,0.0,0.0,0.0,0,(),0.0,0.0
1050,North End Avenue,0.0,0.0,0.0,0,(),0.0,0.0
1055,North End Avenue,0.0,0.0,0.0,0,(),0.0,0.0
1060,North End Avenue,0.0,0.0,0.0,0,(),0.0,0.0
1065,North End Avenue,0.0,0.0,0.0,0,(),0.0,0.0
1070,North End Avenue,0.0,0.0,0.0,0,(),0.0,0.0
1075,North End Avenue,0.0,0.0,0.0,0,(),0.0,0.0
1080,North End Avenue,0.0,0.0,0.0,0,(),0.0,0.0
1085,North End Avenue,0.0,0.0,0.0,0,(),0.0,0.0
1090,North End Avenue,0.0,0.0,0.0,0,(),0.0,0.0
1095,North End Avenue,0.0,0.0,0.0,0,(),0.0,0.0
1100,North End Avenue,0.0,0.0,0.0,0,(),0.0,0.0
1105,North End Avenue,0.0,0.0,0.0,0,(),0.0,0.0
1110,North End Avenue,0.0,0.0,0.0,0,(),0.0,0.0
1115,North End Avenue,0.0,0.0,0.0,0,(),0.0,0.0
1120,North End Avenue,0.0,0.0,0.0,0,(),0.0,0.0
1125,North End Avenue,0.0,0.0,0.0,0,(),0.0,0.0
1130,North End Avenue,0.0,0.0,0.0,0,(),0.0,0.0
1135,North End Avenue,0.0,0.0,0.0,0,(),0.0,0.0
1140,North End Avenue,0.0,0.0,0.0,0,(),0.0,0.0
1145,North End Avenue,0.0,0.0,0.0,0,(),0.0,0.0
1150,North End Avenue,0.0,0.0,0.0,0,(),0.0,0.0
1155,North End Avenue,0.0,0.0,0.0,0,(),0.0,0.0
1160,North End Avenue,0.0,0.0,0.0,0,(),0.0,0.0
1165,North End Avenue,0.0,0.0,0.0,0,(),0.0,0.0
1170,North End Avenue,0.0,0.0,0.0,0,(),0.0,0.0
1175,North End Avenue,0.0,0.0,0.0,0,(),0.0,0.0
1180,North End Avenue,0.0,0.0,0.0,0,(),0.0,0.0
1185,North End Avenue,0.0,0.0,0.0,0,(),0.0,0.0
1190,North End Avenue,0.0,0.0,0.0,0,(),0.0,0.0
1195,North End Avenue,0.0,0.0,0.0,0,(),0.0,0.0
1200,North End Avenue,0.0,0.0,0.0,0,(),0.0,0.0
1205,North End Avenue,0.0,0.0,0.0,0,(),0.0,0.0
1210,North End Avenue,0.0,0.0,0.0,0,(),0.0,0.0
1215,North End Avenue,0.0,0.0,0.0,0,(),0.0,0.0
1220,North End Avenue,0.0,0.0,0.0,0,(),0.0,0.0
1225,North End Avenue,0.0,0.0,0.0,0,(),0.0,0.0
1230,North End Avenue,0.0,0.0,0.0,0,(),0.0,0.0
1235,North End Avenue,0.0,0.0,0.0,0,(),0.0,0.0
1240,North End Avenue,0.0,0.0,0.0,0,(),0.0,0.0
1245,North End Avenue,0.0,0.0,0.0,0,(),0.0,0.0
1250,North End Avenue,0.0,0.0,0.0,0,(),0.0,0.0
1255,North End Avenue,0.0,0.0,0.0,0,(),0.0,0.0
1260,North End Avenue,0.0,0.0,0.0,0,(),0.0,0.0
1265,North End Avenue,0.0,0.0,0.0,0,(),0.0,0.0
1270,North End Avenue,0.0,0.0,0.0,0,(),0.0,0.0
1275,North End Avenue,0.0,0.0,0.0,0,(),0.0,0.0
1280,North End Avenue,0.0,0.0,0.0,0,(),0.0,0.0
1285,North End Avenue,0.0,0.0,0.0,0,(),0.0,0.0
1290,North End Avenue,0.0,0.0,0.0,0,(),0.0,0.0
1295,North End Avenue,0.0,0.0,0.0,0,(),0.0,0.0
1300,North End Avenue,0.0,0.0,0.0,0,(),0.0,0.0
1305,North End Avenue,0.0,0.0,0.0,0,(),0.0,0.0
1310,North End Avenue,0.0,0.0,0.0,0,(),0.0,0.0
1315,North End Avenue,0.0,0.0,0.0,0,(),0.0,0.0
1320,North End Avenue,0.0,0.0,0.0,0,(),0.0,0.0
1325,North End Avenue,0.0,0.0,0.0,0,(),0.0,0.0
1330,North End Avenue,0.0,0.0,0.0,0,(),0.0,0.0
1335,North End Avenue,0.0,0.0,0.0,0,(),0.0,0.0
1340,North End Avenue,0.0,0.0,0.0,0,(),0.0,0.0
1345,North End Avenue,0.0,0.0,0.0,0,(),0.0,0.0
1350,North End Avenue,0.0,0.0,0.0,0,(),0.0,0.0
1355,North End Avenue,0.0,0.0,0.0,0,(),0.0,0.0
1360,North End Avenue,0.0,0.0,0.0,0,(),0.0,0.0
1365,North End Avenue,0.0,0.0,0.0,0,(),0.0,0.0
1370,North End Avenue,0.0,0.0,0.0,0,(),0.0,0.0
1375,North End Avenue,0.0,0.0,0.0,0,(),0.0,0.0
1380,North End Avenue,0.0,0.0,0.0,0,(),0.0,0.0
1385,North End Avenue,0.0,0.0,0.0,0,(),0.0,0.0
1390,North End Avenue,0.0,0.0,0.0,0,(),0.0,0.0
1395,North End Avenue,0.0,0.0,0.0,0,(),0.0,0.0
1400,North End Avenue,0.0,0.0,0.0,0,(),0.0,0.0
1405,North End Avenue,0.0,0.0,0.0,0,(),0.0,0.0
1410,North End Avenue,0.0,0.0,0.0,0,(),0.0,0.0
1415,North End Avenue,0.0,0.0,0.0,0,(),0.0,0.0
1420,North End Avenue,0.0,0.0,0.0,0,(),0.0,0.0
1425,North End Avenue,0.0,0.0,0.0,0,(),0.0,0.0
1430,North End Avenue,0.0,0.0,0.0,0,(),0.0,0.0
1435,North End Avenue,0.0,0.0,0.0,0,(),0.0,0.0
1440,North End Avenue,0.0,0.0,0.0,0,(),0.0,0.0
1445,North End Avenue,0.0,0.0,0.0,0,(),0.0,0.0
1450,North End Avenue,0.0,0.0,0.0,0,(),0.0,0.0
1455,North End Avenue,0.0,0.0,0.0,0,(),0.0,0.0
1460,North End Avenue,0.0,0.0,0.0,0,(),0.0,0.0
1465,North End Avenue,0.0,0.0,0.0,0,(),0.0,0.0
1470,North End Avenue,0.0,0.0,0.0,0,(),0.0,0.0
1475,North End Avenue,0.0,0.0,0.0,0,(),0.0,0.0
1480,North End Avenue,0.0,0.0,0.0,0,(),0.0,0.0
1485,North End Avenue,0.0,0.0,0.0,0,(),0.0,0.0
1490,North End Avenue,0.0,0.0,0.0,0,(),0.0,0.0
1495,North End Avenue,0.0,0.0,0.0,0,(),0.0,0.0
1500,North End Avenue,0.0,0.0,0.0,0,(),0.0,0.0
1505,North End Avenue,0.0,0.0,0.0,0,(),0.0,0.0
1510,North End Avenue,0.0,0.0,0.0,0,(),0.0,0.0
1515,North End Avenue,0.0,0.0,0.0,0,(),0.0,0.0
1520,North End Avenue,0.0,0.0,0.0,0,(),0.0,0.0
1525,North End Avenue,0.0,0.0,0.0,0,(),0.0,0.0
1530,North End Avenue,0.0,0.0,0.0,0,(),0.0,0.0
1535,North End Avenue,0.0,0.0,0.0,0,(),0.0,0.0
1540,North End Avenue,0.0,0.0,0.0,0,(),0.0,0.0
1545,North End Avenue,0.0,0.0,0.0,0,(),0.0,0.0
1550,North End Avenue,0.0,0.0,0.0,0,(),0.0,0.0
1555,North End Avenue,0.0,0.0,0.0,0,(),0.0,0.0
1560,North End Avenue,0.0,0.0,0.0,0,(),0.0,0.0
1565,North End Avenue,0.0,0.0,0.0,0,(),0.0,0.0
1570,North End Avenue,0.0,0.0,0.0,0,(),0.0,0.0
1575,North End Avenue,0.0,0.0,0.0,0,(),0.0,0.0
1580,North End Avenue,0.0,0.0,0.0,0,(),0.0,0.0
1585,North End Avenue,0.0,0.0,0.0,0,(),0.0,0.0
1590,North End Avenue,0.0,0.0,0.0,0,(),0.0,0.0
1595,North End Avenue,0.0,0.0,0.0,0,(),0.0,0.0
1600,North End Avenue,0.0,0.0,0.0,0,(),0.0,0.0
1605,North End Avenue,0.0,0.0,0.0,0,(),0.0,0.0
1610,North End Avenue,0.0,0.0,0.0,0,(),0.0,0.0
1615,North End Avenue,0.0,0.0,0.0,0,(),0.0,0.0
1620,North End Avenue,0.0,0.0,0.0,0,(),0.0,0.0
1625,North End Avenue,0.0,0.0,0.0,0,(),0.0,0.0
1630,North End Avenue,0.0,0.0,0.0,0,(),0.0,0.0
1635,North End Avenue,0.0,0.0,0.0,0,(),0.0,0.0
1640,North End Avenue,0.0,0.0,0.0,0,(),0.0,0.0
1645,North End Avenue,0.0,0.0,0.0,0,(),0.0,0.0
1650,North End Avenue,0.0,0.0,0.0,0,(),0.0,0.0
1655,North End Avenue,0.0,0.0,0.0,0,(),0.0,0.0
1660,North End Avenue,0.0,0.0,0.0,0,(),0.0,0.0
1665,North End Avenue,0.0,0.0,0.0,0,(),0.0,0.0
1670,North End Avenue,0.0,0.0,0.0,0,(),0.0,0.0
1675,North End Avenue,0.0,0.0,0.0,0,(),0.0,0.0
1680,North End Avenue,0.0,0.0,0.0,0,(),0.0,0.0
1685,North End Avenue,0.0,0.0,0.0,0,(),0.0,0.0
1690,North End Avenue,0.0,0.0,0.0,0,(),0.0,0.0
1695,North End Avenue,0.0,0.0,0.0,0,(),0.0,0.0
1700,North End Avenue,0.0,0.0,0.0,0,(),0.0,0.0
1705,North End Avenue,0.0,0.0,0.0,0,(),0.0,0.0
1710,North End Avenue,0.0,0.0,0.0,0,(),0.0,0.0
1715,North End Avenue,0.0,0.0,0.0,0,(),0.0,0.0
1720,North End Avenue,0.0,0.0,0.0,0,(),0.0,0.0
1725,North End Avenue,0.0,0.0,0.0,0,(),0.0,0.0
1730,North End Avenue,0.0,0.0,0.0,0,(),0.0,0.0
1735,North End Avenue,0.0,0.0,0.0,0,(),0.0,0.0
1740,North End Avenue,0.0,0.0,0.0,0,(),0.0,0.0
1745,North End Avenue,0.0,0.0,0.0,0,(),0.0,0.0
1750,North End Avenue,0.0,0.0,0.0,0,(),0.0,0.0
1755,North End Avenue,0.0,0.0,0.0,0,(),0.0,0.0
1760,North End Avenue,0.0,0.0,0.0,0,(),0.0,0.0
1765,North End Avenue,0.0,0.0,0.0,0,(),0.0,0.0
1770,North End Avenue,0.0,0.0,0.0,0,(),0.0,0.0
1775,North End Avenue,0.0,0.0,0.0,0,(),0.0,0.0
1780,North End Avenue,0.0,0.0,0.0,0,(),0.0,0.0
1785,North End Avenue,0.0,0.0,0.0,0,(),0.0,0.0
1790,North End Avenue,0.0,0.0,0.0,0,(),0.0,0.0
1795,North End Avenue,0.0,0.0,0.0,0,(),0.0,0.0
1800,North End Avenue,0.0,0.0,0.0,0,(),0.0,0.0
1805,North End Avenue,0.0,0.0,0.0,0,(),0.0,0.0
1810,North End Avenue,0.0,0.0,0.0,0,(),0.0,0.0
1815,North End Avenue,0.0,0.0,0.0,0,(),0.0,0.0
1820,North End Avenue,0.0,0.0,0.0,0,(),0.0,0.0
1825,North End Avenue,0.0,0.0,0.0,0,(),0.0,0.0
1830,North End Avenue,0.0,0.0,0.0,0,(),0.0,0.0
1835,North End Avenue,0.0,0.0,0.0,0,(),0.0,0.0
1840,North End Avenue,0.0,0.0,0.0,0,(),0.0,0.0
1845,North End Avenue,0.0,0.0,0.0,0,(),0.0,0.0
1850,North End Avenue,0.0,0.0,0.0,0,(),0.0,0.0
1855,North End Avenue,0.0,0.0,0.0,0,(),0.0,0.0
1860,North End Avenue,0.0,0.0,0.0,0,(),0.0,0.0
1865,North End Avenue,0.0,0.0,0.0,0,(),0.0,0.0
1870,North End Avenue,0.0,0.0,0.0,0,(),0.0,0.0
1875,North End Avenue,0.0,0.0,0.0,0,(),0.0,0.0
1880,North End Avenue,0.0,0.0,0.0,0,(),0.0,0.0
1885,North End Avenue,0.0,0.0,0.0,0,(),0.0,0.0
1890,North End Avenue,0.0,0.0,0.0,0,(),0.0,0.0
1895,North End Avenue,0.0,0.0,0.0,0,(),0.0,0.0
1900,North End Avenue,0.0,0.0,0.0,0,(),0.0,0.0
1905,North End Avenue,0.0,0.0,0.0,0,(),0.0,0.0
1910,North End Avenue,0.0,0.0,0.0,0,(),0.0,0.0
1915,North End Avenue,0.0,0.0,0.0,0,(),0.0,0.0
1920,North End Avenue,0.0,0.0,0.0,0,(),0.0,0.0
1925,North End Avenue,0.0,0.0,0.0,0,(),0.0,0.0
1930,North End Avenue,0.0,0.0,0.0,0,(),0.0,0.0
1935,North End Avenue,0.0,0.0,0.0,0,(),0.0,0.0
1940,North End Avenue,0.0,0.0,0.0,0,(),0.0,0.0
1945,North End Avenue,0.0,0.0,0.0,0,(),0.0,0.0
1950,North End Avenue,0.0,0.0,0.0,0,(),0.0,0.0
1955,North End Avenue,0.0,0.0,0.0,0,(),0.0,0.0
1960,North End Avenue,0.0,0.0,0.0,0,(),0.0,0.0
1965,North End Avenue,0.0,0.0,0.0,0,(),0.0,0.0
1970,North End Avenue,0.0,0.0,0.0,0,(),0.0,0.0
1975,North End Avenue,0.0,0.0,0.0,0,(),0.0,0.0
1980,North End Avenue,0.0,0.0,0.0,0,(),0.0,0.0
1985,North End Avenue,0.0,0.0,0.0,0,(),0.0,0.0
1990,North End Avenue,0.0,0.0,0.0,0,(),0.0,0.0
1995,North End Avenue,0.0,0.0,0.0,0,(),0.0,0.0
2000,North End Avenue,0.0,0.0,0.0,0,(),0.0,0.0
2005,North End Avenue,0.0,0.0,0.0,0,(),0.0,0.0
2010,North End Avenue,0.0,0.0,0.0,0,(),0.0,0.0
2015,North End Avenue,0.0,0.0,0.0,0,(),0.0,0.0
2020,North End Avenue,0.0,0.0,0.0,0,(),0.0,0.0
2025,North End Avenue,0.0,0.0,0.0,0,(),0.0,0.0
2030,North End Avenue,0.0,0.0,0.0,0,(),0.0,0.0
2035,North End Avenue,0.0,0.0,0.0,0,(),0.0,0.0
2040,North End Avenue,0.0,0.0,0.0,0,(),0.0,0.0
2045,North End Avenue,0.0,0.0,0.0,0,(),0.0,0.0
2050,North End Avenue,0.0,0.0,0.0,0,(),0.0,0.0
2055,North End Avenue,0.0,0.0,0.0,0,(),0.0,0.0
2060,North End Avenue,0.0,0.0,0.0,0,(),0.0,0.0
2065,North End Avenue,0.0,0.0,0.0,0,(),0.0,0.0
2070,North End Avenue,0.0,0.0,0.0,0,(),0.0,0.0
2075,North End Avenue,0.0,0.0,0.0,0,(),0.0,0.0
2080,North End Avenue,0.0,0.0,0.0,0,(),0.0,0.0
2085,North End Avenue,0.0,0.0,0.0,0,(),0.0,0.0
2090,North End Avenue,0.0,0.0,0.0,0,(),0.0,0.0
2095,North End Avenue,0.0,0.0,0.0,0,(),0.0,0.0
2100,North End Avenue,0.0,0.0,0.0,0,(),0.0,0.0
2105,North End Avenue,0.0,0.0,0.0,0,(),0.0,0.0
2110,North End Avenue,0.0,0.0,0.0,0,(),0.0,0.0
2115,North End Avenue,0.0,0.0,0.0,0,(),0.0,0.0
2120,North End Avenue,0.0,0.0,0.0,0,(),0.0,0.0
2125,North End Avenue,0.0,0.0,0.0,0,(),0.0,0.0
2130,North End Avenue,0.0,0.0,0.0,0,(),0.0,0.0
2135,North End Avenue,0.0,0.0,0.0,0,(),0.0,0.0
2140,North End Avenue,0.0,0.0,0.0,0,(),0.0,0.0
2145,North End Avenue,0.0,0.0,0.0,0,(),0.0,0.0
2150,North End Avenue,0.0,0.0,0.0,0,(),0.0,0.0
2155,North End Avenue,0.0,0.0,0.0,0,(),0.0,0.0
2160,North End Avenue,0.0,0.0,0.0,0,(),0.0,0.0
2165,North End Avenue,0.0,0.0,0.0,0,(),0.0,0.0
2170,North End Avenue,0.0,0.0,0.0,0,(),0.0,0.0
2175,North End Avenue,0.0,0.0,0.0,0,(),0.0,0.0
2180,North End Avenue,0.0,0.0,0.0,0,(),0.0,0.0
2185,North End Avenue,0.0,0.0,0.0,0,(),0.0,0.0
2190,North End Avenue,0.0,0.0,0.0,0,(),0.0,0.0
2195,North End Avenue,0.0,0.0,0.0,0,(),0.0,0.0
2200,North End Avenue,0.0,0.0,0.0,0,(),0.0,0.0
2205,North End Avenue,0.0,0.0,0.0,0,(),0.0,0.0
2210,North End Avenue,0.0,0.0,0.0,0,(),0.0,0.0
2215,North End Avenue,0.0,0.0,0.0,0,(),0.0,0.0
2220,North End Avenue,0.0,0.0,0.0,0,(),0.0,0.0
2225,North End Avenue,0.0,0.0,0.0,0,(),0.0,0.0
2230,North End Avenue,0.0,0.0,0.0,0,(),0.0,0.0
2235,North End Avenue,0.0,0.0,0.0,0,(),0.0,0.0
2240,North End Avenue,0.0,0.0,0.0,0,(),0.0,0.0
2245,North End Avenue,0.0,0.0,0.0,0,(),0.0,0.0
2250,North End Avenue,0.0,0.0,0.0,0,(),0.0,0.0
2255,North End Avenue,0.0,0.0,0.0,0,(),0.0,0.0
2260,North End Avenue,0.0,0.0,0.0,0,(),0.0,0.0
2265,North End Avenue,0.0,0.0,0.0,0,(),0.0,0.0
2270,North End Avenue,0.0,0.0,0.0,0,(),0.0,0.0
2275,North End Avenue,0.0,0.0,0.0,0,(),0.0,0.0
2280,North End Avenue,0.0,0.0,0.0,0,(),0.0,0.0
2285,North End Avenue,0.0,0.0,0.0,0,(),0.0,0.0
2290,North End Avenue,0.0,0.0,0.0,0,(),0.0,0.0
2295,North End Avenue,0.0,0.0,0.0,0,(),0.0,0.0
2300,North End Avenue,0.0,0.0,0.0,0,(),0.0,0.0
2305,North End Avenue,0.0,0.0,0.0,0,(),0.0,0.0
2310,North End Avenue,0.0,0.0,0.0,0,(),0.0,0.0
2315,North End Avenue,0.0,0.0,0.0,0,(),0.0,0.0
2320,North End Avenue,0.0,0.0,0.0,0,(),0.0,0.0
2325,North End Avenue,0.0,0.0,0.0,0,(),0.0,0.0
2330,North End Avenue,0.0,0.0,0.0,0,(),0.0,0.0
2335,North End Avenue,0.0,0.0,0.0,0,(),0.0,0.0
2340,North End Avenue,0.0,0.0,0.0,0,(),0.0,0.0
2345,North End Avenue,0.0,0.0,0.0,0,(),0.0,0.0
2350,North End Avenue,0.0,0.0,0.0,0,(),0.0,0.0
2355,North End Avenue,0.0,0.0,0.0,0,(),0.0,0.0
2360,North End Avenue,0.0,0.0,0.0,0,(),0.0,0.0
2365,North End Avenue,0.0,0.0,0.0,0,(),0.0,0.0
2370,North End Avenue,0.0,0.0,0.0,0,(),0.0,0.0
2375,North End Avenue,0.0,0.0,0.0,0,(),0.0,0.0
2380,North End Avenue,0.0,0.0,0.0,0,(),0.0,0.0
2385,North End Avenue,0.0,0.0,0.0,0,(),0.0,0.0
2390,North End Avenue,0.0,0.0,0.0,0,(),0.0,0.0
2395,North End Avenue,0.0,0.0,0.0,0,(),0.0,0.0
2400,North End Avenue,0.0,0.0,0.0,0,(),0.0,0.0
2405,North End Avenue,0.0,0.0,0.0,0,(),0.0,0.0
2410,North End Avenue,0.0,0.0,0.0,0,(),0.0,0.0
2415,North End Avenue,0.0,0.0,0.0,0,(),0.0,0.0
2420,North End Avenue,0.0,0.0,0.0,0,(),0.0,0.0
2425,North End Avenue,0.0,0.0,0.0,0,(),0.0,0.0
2430,North End Avenue,0.0,0.0,0.0,0,(),0.0,0.0
2435,North End Avenue,0.0,0.0,0.0,0,(),0.0,0.0
2440,North End Avenue,0.0,0.0,0.0,0,(),0.0,0.0
2445,North End Avenue,0.0,0.0,0.0,0,(),0.0,0.0
2450,North End Avenue,0.0,0.0,0.0,0,(),0.0,0.0
2455,North End Avenue,0.0,0.0,0.0,0,(),0.0,0.0
2460,North End Avenue,0.0,0.0,0.0,0,(),0.0,0.0
2465,North End Avenue,0.0,0.0,0.0,0,(),0.0,0.0
2470,North End Avenue,0.0,0.0,0.0,0,(),0.0,0.0
2475,North End Avenue,0.0,0.0,0.0,0,(),0.0,0.0
2480,North End Avenue,0.0,0.0,0.0,0,(),0.0,0.0
2485,North End Avenue,0.0,0.0,0.0,0,(),0.0,0.0
2490,North End Avenue,0.0,0.0,0.0,0,(),0.0,0.0
2495,North End Avenue,0.0,0.0,0.0,0,(),0.0,0.0
2500,North End Avenue,0.0,0.0,0.0,0,(),0.0,0.0
2505,North End Avenue,0.0,0.0,0.0,0,(),0.0,0.0
2510,North End Avenue,0.0,0.0,0.0,0,(),0.0,0.0
2515,North End Avenue,0.0,0.0,0.0,0,(),0.0,0.0
2520,North End Avenue,0.0,0.0,0.0,0,(),0.0,0.0
2525,North End Avenue,0.0,0.0,0.0,0,(),0.0,0.0
2530,North End Avenue,0.0,0.0,0.0,0,(),0.0,0.0
2535,North End Avenue,0.0,0.0,0.0,0,(),0.0,0.0
2540,North End Avenue,0.0,0.0,0.0,0,(),0.0,0.0
2545,North End Avenue,0.0,0.0,0.0,0,(),0.0,0.0
2550,North End Avenue,0.0,0.0,0.0,0,(),0.0,0.0
2555,North End Avenue,0.0,0.0,0.0,0,(),0.0,0.0
2560,North End Avenue,0.0,0.0,0.0,0,(),0.0,0.0
2565,North End Avenue,0.0,0.0,0.0,0,(),0.0,0.0
2570,North End Avenue,0.0,0.0,0.0,0,(),0.0,0.0
2575,North End Avenue,0.0,0.0,0.0,0,(),0.0,0.0
2580,North End Avenue,0.0,0.0,0.0,0,(),0.0,0.0
2585,North End Avenue,0.0,0.0,0.0,0,(),0.0,0.0
2590,North End Avenue,0.0,0.0,0.0,0,(),0.0,0.0
2595,North End Avenue,0.0,0.0,0.0,0,(),0.0,0.0
2600,North End Avenue,0.0,0.0,0.0,0,(),0.0,0.0
2605,North End Avenue,0.0,0.0,0.0,0,(),0.0,0.0
2610,North End Avenue,0.0,0.0,0.0,0,(),0.0,0.0
2615,North End Avenue,0.0,0.0,0.0,0,(),0.0,0.0
2620,North End Avenue,0.0,0.0,0.0,0,(),0.0,0.0
2625,North End Avenue,0.0,0.0,0.0,0,(),0.0,0.0
2630,North End Avenue,0.0,0.0,0.0,0,(),0.0,0.0
2635,North End Avenue,0.0,0.0,0.0,0,(),0.0,0.0
2640,North End Avenue,0.0,0.0,0.0,0,(),0.0,0.0
2645,North End Avenue,0.0,0.0,0.0,0,(),0.0,0.0
2650,North End Avenue,0.0,0.0,0.0,0,(),0.0,0.0
2655,North End Avenue,0.0,0.0,0.0,0,(),0.0,0.0
2660,North End Avenue,0.0,0.0,0.0,0,(),0.0,0.0
2665,North End Avenue,0.0,0.0,0.0,0,(),0.0,0.0
2670,North End Avenue,0.0,0.0,0.0,0,(),0.0,0.0
2675,North End Avenue,0.0,0.0,0.0,0,(),0.0,0.0
2680,North End Avenue,0.0,0.0,0.0,0,(),0.0,0.0
2685,North End Avenue,0.0,0.0,0.0,0,(),0.0,0.0
2690,North End Avenue,0.0,0.0,0.0,0,(),0.0,0.0
2695,North End Avenue,0.0,0.0,0.0,0,(),0.0,0.0
2700,North End Avenue,0.0,0.0,0.0,0,(),0.0,0.0
2705,North End Avenue,0.0,0.0,0.0,0,(),0.0,0.0
2710,North End Avenue,0.0,0.0,0.0,0,(),0.0,0.0
2715,North End Avenue,0.0,0.0,0.0,0,(),0.0,0.0
2720,North End Avenue,0.0,0.0,0.0,0,(),0.0,0.0
2725,North End Avenue,0.0,0.0,0.0,0,(),0.0,0.0
2730,North End Avenue,0.0,0.0,0.0,0,(),0.0,0.0
2735,North End Avenue,0.0,0.0,0.0,0,(),0.0,0.0
2740,North End Avenue,0.0,0.0,0.0,0,(),0.0,0.0
2745,North End Avenue,0.0,0.0,0.0,0,(),0.0,0.0
2750,North End Avenue,0.0,0.0,0.0,0,(),0.0,0.0
2755,North End Avenue,0.0,0.0,0.0,0,(),0.0,0.0
2760,North End Avenue,0.0,0.0,0.0,0,(),0.0,0.0
2765,North End Avenue,0.0,0.0,0.0,0,(),0.0,0.0
2770,North End Avenue,0.0,0.0,0.0,0,(),0.0,0.0
2775,North End Avenue,0.0,0.0,0.0,0,(),0.0,0.0
2780,North End Avenue,0.0,0.0,0.0,0,(),0.0,0.0
2785,North End Avenue,0.0,0.0,0.0,0,(),0.0,0.0
2790,North End Avenue,0.0,0.0,0.0,0,(),0.0,0.0
2795,North End Avenue,0.0,0.0,0.0,0,(),0.0,0.0
2800,North End Avenue,0.0,0.0,0.0,0,(),0.0,0.0
2805,North End Avenue,0.0,0.0,0.0,0,(),0.0,0.0
2810,North End Avenue,0.0,0.0,0.0,0,(),0.0,0.0
2815,North End Avenue,0.0,0.0,0.0,0,(),0.0,0.0
2820,North End Avenue,0.0,0.0,0.0,0,(),0.0,0.0
2825,North End Avenue,0.0,0.0,0.0,0,(),0.0,0.0
2830,North End Avenue,0.0,0.0,0.0,0,(),0.0,0.0
2835,North End Avenue,0.0,0.0,0.0,0,(),0.0,0.0
2840,North End Avenue,0.0,0.0,0.0,0,(),0.0,0.0
2845,North End Avenue,0.0,0.0,0.0,0,(),0.0,0.0
2850,North End Avenue,0.0,0.0,0.0,0,(),0.0,0.0
2855,North End Avenue,0.0,0.0,0.0,0,(),0.0,0.0
2860,North End Avenue,0.0,0.0,0.0,0,(),0.0,0.0
2865,North End Avenue,0.0,0.0,0.0,0,(),0.0,0.0
2870,North End Avenue,0.0,0.0,0.0,0,(),0.0,0.0
2875,North End Avenue,0.0,0.0,0.0,0,(),0.0,0.0
2880,North End Avenue,0.0,0.0,0.0,0,(),0.0,0.0
2885,North End Avenue,0.0,0.0,0.0,0,(),0.0,0.0
2890,North End Avenue,0.0,0.0,0.0,0,(),0.0,0.0
2895,North End Avenue,0.0,0.0,0.0,0,(),0.0,0.0
2900,North End Avenue,0.0,0.0,0.0,0,(),0.0,0.0
2905,North End Avenue,0.0,0.0,0.0,0,(),0.0,0.0
2910,North End Avenue,0.0,0.0,0.0,0,(),0.0,0.0
2915,North End Avenue,0.0,0.0,0.0,0,(),0.0,0.0
2920,North End Avenue,0.0,0.0,0.0,0,(),0.0,0.0
2925,North End Avenue,0.0,0.0,0.0,0,(),0.0,0.0
2930,North End Avenue,0.0,0.0,0.0,0,(),0.0,0.0
2935,North End Avenue,0.0,0.0,0.0,0,(),0.0,0.0
2940,North End Avenue,0.0,0.0,0.0,0,(),0.0,0.0
2945,North End Avenue,0.0,0.0,0.0,0,(),0.0,0.0
2950,North End Avenue,0.0,0.0,0.0,0,(),0.0,0.0
2955,North End Avenue,0.0,0.0,0.0,0,(),0.0,0.0
2960,North End Avenue,0.0,0.0,0.0,0,(),0.0,0.0
2965,North End Avenue,0.0,0.0,0.0,0,(),0.0,0.0
2970,North End Avenue,0.0,0.0,0.0,0,(),0.0,0.0
2975,North End Avenue,0.0,0.0,0.0,0,(),0.0,0.0
2980,North End Avenue,0.0,0.0,0.0,0,(),0.0,0.0
2985,North End Avenue,0.0,0.0,0.0,0,(),0.0,0.0
2990,North End Avenue,0.0,0.0,0.0,0,(),0.0,0.0
2995,North End Avenue,0.0,0.0,0.0,0,(),0.0,0.0
3000,North End Avenue,0.0,0.0,0.0,0,(),0.0,0.0
3005,North End Avenue,0.0,0.0,0.0,0,(),0.0,0.0
3010,North End Avenue,0.0,0.0,0.0,0,(),0.0,0.0
3015,North End Avenue,0.0,0.0,0.0,0,(),0.0,0.0
3020,North End Avenue,0.0,0.0,0.0,0,(),0.0,0.0
3025,North End Avenue,0.0,0.0,0.0,0,(),0.0,0.0
3030,North End Avenue,0.0,0.0,0.0,0,(),0.0,0.0
3035,North End Avenue,0.0,0.0,0.0,0,(),0.0,0.0
3040,North End Avenue,0.0,0.0,0.0,0,(),0.0,0.0
3045,North End Avenue,0.0,0.0,0.0,0,(),0.0,0.0
3050,North End Avenue,0.0,0.0,0.0,0,(),0.0,0.0
3055,North End Avenue,0.0,0.0,0.0,0,(),0.0,0.0
3060,North End Avenue,0.0,0.0,0.0,0,(),0.0,0.0
3065,North End Avenue,0.0,0.0,0.0,0,(),0.0,0.0
3070,North End Avenue,0.0,0.0,0.0,0,(),0.0,0.0
3075,North End Avenue,0.0,0.0,0.0,0,(),0.0,0.0
3080,North End Avenue,0.0,0.0,0.0,0,(),0.0,0.0
3085,North End Avenue,0.0,0.0,0.0,0,(),0.0,0.0
3090,North End Avenue,0.0,0.0,0.0,0,(),0.0,0.0
3095,North End Avenue,0.0,0.0,0.0,0,(),0.0,0.0
3100,North End Avenue,0.0,0.0,0.0,0,(),0.0,0.0
3105,North End Avenue,0.0,0.0,0.0,0,(),0.0,0.0
3110,North End Avenue,0.0,0.0,0.0,0,(),0.0,0.0
3115,North End Avenue,0.0,0.0,0.0,0,(),0.0,0.0
3120,North End Avenue,0.0,0.0,0.0,0,(),0.0,0.0
3125,North End Avenue,0.0,0.0,0.0,0,(),0.0,0.0
3130,North End Avenue,0.0,0.0,0.0,0,(),0.0,0.0
3135,North End Avenue,0.0,0.0,0.0,0,(),0.0,0.0
3140,North End Avenue,0.0,0.0,0.0,0,(),0.0,0.0
3145,North End Avenue,0.0,0.0,0.0,0,(),0.0,0.0
3150,North End Avenue,0.0,0.0,0.0,0,(),0.0,0.0
3155,North End Avenue,0.0,0.0,0.0,0,(),0.0,0.0
3160,North End Avenue,0.0,0.0,0.0,0,(),0.0,0.0
3165,North End Avenue,0.0,0.0,0.0,0,(),0.0,0.0
3170,North End Avenue,0.0,0.0,0.0,0,(),0.0,0.0
3175,North End Avenue,0.0,0.0,0.0,0,(),0.0,0.0
3180,North End Avenue,0.0,0.0,0.0,0,(),0.0,0.0
3185,North End Avenue,0.0,0.0,0.0,0,(),0.0,0.0
3190,North End Avenue,0.0,0.0,0.0,0,(),0.0,0.0
3195,North End Avenue,0.0,0.0,0.0,0,(),0.0,0.0
3200,North End Avenue,0.0,0.0,0.0,0,(),0.0,0.0
3205,North End Avenue,0.0,0.0,0.0,0,(),0.0,0.0
3210,North End Avenue,0.0,0.0,0.0,0,(),0.0,0.0
3215,North End Avenue,0.0,0.0,0.0,0,(),0.0,0.0
3220,North End Avenue,0.0,0.0,0.0,0,(),0.0,0.0
3225,North End Avenue,0.0,0.0,0.0,0,(),0.0,0.0
3230,North End Avenue,0.0,0.0,0.0,0,(),0.0,0.0
3235,North End Avenue,0.0,0.0,0.0,0,(),0.0,0.0
3240,North End Avenue,0.0,0.0,0.0,0,(),0.0,0.0
3245,North End Avenue,0.0,0.0,0.0,0,(),0.0,0.0
3250,North End Avenue,0.0,0.0,0.0,0,(),0.0,0.0
3255,North End Avenue,0.0,0.0,0.0,0,(),0.0,0.0
3260,North End Avenue,0.0,0.0,0.0,0,(),0.0,0.0
3265,North End Avenue,0.0,0.0,0.0,0,(),0.0,0.0
3270,North End Avenue,0.0,0.0,0.0,0,(),0.0,0.0
3275,North End Avenue,0.0,0.0,0.0,0,(),0.0,0.0
3280,North End Avenue,0.0,0.0,0.0,0,(),0.0,0.0
3285,North End Avenue,0.0,0.0,0.0,0,(),0.0,0.0
3290,North End Avenue,0.0,0.0,0.0,0,(),0.0,0.0
3295,North End Avenue,0.0,0.0,0.0,0,(),0.0,0.0
3300,North End Avenue,0.0,0.0,0.0,0,(),0.0,0.0
3305,North End Avenue,0.0,0.0,0.0,0,(),0.0,0.0
3310,North End Avenue,0.0,0.0,0.0,0,(),0.0,0.0
3315,North End Avenue,0.0,0.0,0.0,0,(),0.0,0.0
3320,North End Avenue,0.0,0.0,0.0,0,(),0.0,0.0
3325,North End Avenue,0.0,0.0,0.0,0,(),0.0,0.0
3330,North End Avenue,0.0,0.0,0.0,0,(),0.0,0.0
3335,North End Avenue,0.0,0.0,0.0,0,(),0.0,0.0
3340,North End Avenue,0.0,0.0,0.0,0,(),0.0,0.0
3345,North End Avenue,0.0,0.0,0.0,0,(),0.0,0.0
3350,North End Avenue,0.0,0.0,0.0,0,(),0.0,0.0
3355,North End Avenue,0.0,0.0,0.0,0,(),0.0,0.0
3360,North End Avenue,0.0,0.0,0.0,0,(),0.0,0.0
3365,North End Avenue,0.0,0.0,0.0,0,(),0.0,0.0
3370,North End Avenue,0.0,0.0,0.0,0,(),0.0,0.0
3375,North End Avenue,0.0,0.0,0.0,0,(),0.0,0.0
3380,North End Avenue,0.0,0.0,0.0,0,(),0.0,0.0
3385,North End Avenue,0.0,0.0,0.0,0,(),0.0,0.0
3390,North End Avenue,0.0,0.0,0.0,0,(),0.0,0.0
3395,North End Avenue,0.0,0.0,0.0,0,(),0.0,0.0
3400,North End Avenue,0.0,0.0,0.0,0,(),0.0,0.0
3405,North End Avenue,0.0,0.0,0.0,0,(),0.0,0.0
3410,North End Avenue,0.0,0.0,0.0,0,(),0.0,0.0
3415,North End Avenue,0.0,0.0,0.0,0,(),0.0,0.0
3420,North End Avenue,0.0,0.0,0.0,0,(),0.0,0.0
3425,North End Avenue,0.0,0.0,0.0,0,(),0.0,0.0
3430,North End Avenue,0.0,0.0,0.0,0,(),0.0,0.0
3435,North End Avenue,0.0,0.0,0.0,0,(),0.0,0.0
3440,North End Avenue,0.0,0.0,0.0,0,(),0.0,0.0
3445,North End Avenue,0.0,0.0,0.0,0,(),0.0,0.0
3450,North End Avenue,0.0,0.0,0.0,0,(),0.0,0.0
3455,North End Avenue,0.0,0.0,0.0,0,(),0.0,0.0
3460,North End Avenue,0.0,0.0,0.0,0,(),0.0,0.0
3465,North End Avenue,0.0,0.0,0.0,0,(),0.0,0.0
3470,North End Avenue,0.0,0.0,0.0,0,(),0.0,0.0
3475,North End Avenue,0.0,0.0,0.0,0,(),0.0,0.0
3480,North End Avenue,0.0,0.0,0.0,0,(),0.0,0.0
3485,North End Avenue,0.0,0.0,0.0,0,(),0.0,0.0
3490,North End Avenue,0.0,0.0,0.0,0,(),0.0,0.0
3495,North End Avenue,0.0,0.0,0.0,0,(),0.0,0.0
3500,North End Avenue,0.0,0.0,0.0,0,(),0.0,0.0
3505,North End Avenue,0.0,0.0,0.0,0,(),0.0,0.0
3510,North End Avenue,0.0,0.0,0.0,0,(),0.0,0.0
3515,North End Avenue,0.0,0.0,0.0,0,(),0.0,0.0
3520,North End Avenue,0.0,0.0,0.0,0,(),0.0,0.0
3525,North End Avenue,0.0,0.0,0.0,0,(),0.0,0.0
3530,North End Avenue,0.0,0.0,0.0,0,(),0.0,0.0
3535,North End Avenue,0.0,0.0,0.0,0,(),0.0,0.0
3540,North End Avenue,0.0,0.0,0.0,0,(),0.0,0.0
3545,North End Avenue,0.0,0.0,0.0,0,(),0.0,0.0
3550,North End Avenue,0.0,0.0,0.0,0,(),0.0,0.0
3555,North End Avenue,0.0,0.0,0.0,0,(),0.0,0.0
3560,North End Avenue,0.0,0.0,0.0,0,(),0.0,0.0
3565,North End Avenue,0.0,0.0,0.0,0,(),0.0,0.0
3570,North End Avenue,0.0,0.0,0.0,0,(),0.0,0.0
3575,North End Avenue,0.0,0.0,0.0,0,(),0.0,0.0
3580,North End Avenue,0.0,0.0,0.0,0,(),0.0,0.0
3585,North End Avenue,0.0,0.0,0.0,0,(),0.0,0.0
3590,North End Avenue,0.0,0.0,0.0,0,(),0.0,0.0
3595,North End Avenue,0.0,0.0,0.0,0,(),0.0,0.0
3600,North End Avenue,0.0,0.0,0.0,0,(),0.0,0.0
3605,North End Avenue,0.0,0.0,0.0,0,(),0.0,0.0
3610,North End Avenue,0.0,0.0,0.0,0,(),0.0,0.0
3615,North End Avenue,0.0,0.0,0.0,0,(),0.0,0.0
3620,North End Avenue,0.0,0.0,0.0,0,(),0.0,0.0
3625,North End Avenue,0.0,0.0,0.0,0,(),0.0,0.0
3630,North End Avenue,0.0,0.0,0.0,0,(),0.0,0.0
3635,North End Avenue,0.0,0.0,0.0,0,(),0.0,0.0
3640,North End Avenue,0.0,0.0,0.0,0,(),0.0,0.0
3645,North End Avenue,0.0,0.0,0.0,0,(),0.0,0.0
3650,North End Avenue,0.0,0.0,0.0,0,(),0.0,0.0
3655,North End Avenue,0.0,0.0,0.0,0,(),0.0,0.0
3660,North End Avenue,0.0,0.0,0.0,0,(),0.0,0.0
3665,North End Avenue,0.0,0.0,0.0,0,(),0.0,0.0
3670,North End Avenue,0.0,0.0,0.0,0,(),0.0,0.0
3675,North End Avenue,0.0,0.0,0.0,0,(),0.0,0.0
3680,North End Avenue,0.0,0.0,0.0,0,(),0.0,0.0
3685,North End Avenue,0.0,0.0,0.0,0,(),0.0,0.0
3690,North End Avenue,0.0,0.0,0.0,0,(),0.0,0.0
3695,North End Avenue,0.0,0.0,0.0,0,(),0.0,0.0
3700,North End Avenue,0.0,0.0,0.0,0,(),0.0,0.0
3705,North End Avenue,0.0,0.0,0.0,0,(),0.0,0.0
3710,North End Avenue,0.0,0.0,0.0,0,(),0.0,0.0
3715,North End Avenue,0.0,0.0,0.0,0,(),0.0,0.0
3720,North End Avenue,0.0,0.0,0.0,0,(),0.0,0.0
3725,North End Avenue,0.0,0.0,0.0,0,(),0.0,0.0
3730,North End Avenue,0.0,0.0,0.0,0,(),0.0,0.0
3735,North End Avenue,0.0,0.0,0.0,0,(),0.0,0.0
3740,North End Avenue,0.0,0.0,0.0,0,(),0.0,0.0
3745,North End Avenue,0.0,0.0,0.0,0,(),0.0,0.0
3750,North End Avenue,0.0,0.0,0.0,0,(),0.0,0.0
3755,North End Avenue,0.0,0.0,0.0,0,(),0.0,0.0
3760,North End Avenue,0.0,0.0,0.0,0,(),0.0,0.0
3765,North End Avenue,0.0,0.0,0.0,0,(),0.0,0.0
3770,North End Avenue,0.0,0.0,0.0,0,(),0.0,0.0
3775,North End Avenue,0.0,0.0,0.0,0,(),0.0,0.0
3780,North End Avenue,0.0,0.0,0.0,0,(),0.0,0.0
3785,North End Avenue,0.0,0.0,0.0,0,(),0.0,0.0
3790,North End Avenue,0.0,0.0,0.0,0,(),0.0,0.0
3795,North End Avenue,0.0,0.0,0.0,0,(),0.0,0.0
3800,North End Avenue,0.0,0.0,0.0,0,(),0.0,0.0
3805,North End Avenue,0.0,0.0,0.0,0,(),0.0,0.0
3810,North End Avenue,0.0,0.0,0.0,0,(),0.0,0.0
3815,North End Avenue,0.0,0.0,0.0,0,(),0.0,0.0
3820,North End Avenue,0.0,0.0,0.0,0,(),0.0,0.0
3825,North End Avenue,0.0,0.0,0.0,0,(),0.0,0.0
3830,North End Avenue,0.0,0.0,0.0,0,(),0.0,0.0
3835,North End Avenue,0.0,0.0,0.0,0,(),0.0,0.0
3840,North End Avenue,0.0,0.0,0.0,0,(),0.0,0.0
3845,North End Avenue,0.0,0.0,0.0,0,(),0.0,0.0
3850,North End Avenue,0.0,0.0,0.0,0,(),0.0,0.0
3855,North End Avenue,0.0,0.0,0.0,0,(),0.0,0.0
3860,North End Avenue,0.0,0.0,0.0,0,(),0.0,0.0
3865,North End Avenue,0.0,0.0,0.0,0,(),0.0,0.0
3870,North End Avenue,0.0,0.0,0.0,0,(),0.0,0.0
3875,North End Avenue,0.0,0.0,0.0,0,(),0.0,0.0
3880,North End Avenue,0.0,0.0,0.0,0,(),0.0,0.0
3885,North End Avenue,0.0,0.0,0.0,0,(),0.0,0.0
3890,North End Avenue,0.0,0.0,0.0,0,"('ped8743',)",0.0,0.0
3895,North End Avenue,0.0,0.0,0.0,0,"('ped8743',)",0.0,0.0
3900,North End Avenue,0.0,0.0,0.0,0,"('ped8743',)",0.0,0.0
3905,North End Avenue,0.0,0.0,0.0,0,"('ped8743',)",0.0,0.0
3910,North End Avenue,0.0,0.0,0.0,0,"('ped8743',)",0.0,0.0
3915,North End Avenue,0.0,0.0,0.0,0,(),0.0,0.0
3920,North End Avenue,0.0,0.0,0.0,0,(),0.0,0.0
3925,North End Avenue,0.0,0.0,0.0,0,(),0.0,0.0
3930,North End Avenue,0.0,0.0,0.0,0,(),0.0,0.0
3935,North End Avenue,0.0,0.0,0.0,0,(),0.0,0.0
3940,North End Avenue,0.0,0.0,0.0,0,(),0.0,0.0
3945,North End Avenue,0.0,0.0,0.0,0,(),0.0,0.0
3950,North End Avenue,0.0,0.0,0.0,0,(),0.0,0.0
3955,North End Avenue,0.0,0.0,0.0,0,(),0.0,0.0
3960,North End Avenue,0.0,0.0,0.0,0,(),0.0,0.0
3965,North End Avenue,0.0,0.0,0.0,0,(),0.0,0.0
3970,North End Avenue,0.0,0.0,0.0,0,(),0.0,0.0
3975,North End Avenue,0.0,0.0,0.0,0,(),0.0,0.0
3980,North End Avenue,0.0,0.0,0.0,0,(),0.0,0.0
3985,North End Avenue,0.0,0.0,0.0,0,(),0.0,0.0
3990,North End Avenue,0.0,0.0,0.0,0,(),0.0,0.0
3995,North End Avenue,0.0,0.0,0.0,0,(),0.0,0.0
4000,North End Avenue,0.0,0.0,0.0,0,(),0.0,0.0
4005,North End Avenue,0.0,0.0,0.0,0,(),0.0,0.0
4010,North End Avenue,0.0,0.0,0.0,0,(),0.0,0.0
4015,North End Avenue,0.0,0.0,0.0,0,(),0.0,0.0
4020,North End Avenue,0.0,0.0,0.0,0,(),0.0,0.0
4025,North End Avenue,0.0,0.0,0.0,0,(),0.0,0.0
4030,North End Avenue,0.0,0.0,0.0,0,(),0.0,0.0
4035,North End Avenue,0.0,0.0,0.0,0,(),0.0,0.0
4040,North End Avenue,0.0,0.0,0.0,0,(),0.0,0.0
4045,North End Avenue,0.0,0.0,0.0,0,(),0.0,0.0
4050,North End Avenue,0.0,0.0,0.0,0,(),0.0,0.0
4055,North End Avenue,0.0,0.0,0.0,0,(),0.0,0.0
4060,North End Avenue,0.0,0.0,0.0,0,(),0.0,0.0
4065,North End Avenue,0.0,0.0,0.0,0,(),0.0,0.0
4070,North End Avenue,0.0,0.0,0.0,0,(),0.0,0.0
4075,North End Avenue,0.0,0.0,0.0,0,(),0.0,0.0
4080,North End Avenue,0.0,0.0,0.0,0,(),0.0,0.0
4085,North End Avenue,0.0,0.0,0.0,0,(),0.0,0.0
4090,North End Avenue,0.0,0.0,0.0,0,(),0.0,0.0
4095,North End Avenue,0.0,0.0,0.0,0,(),0.0,0.0
4100,North End Avenue,0.0,0.0,0.0,0,(),0.0,0.0
4105,North End Avenue,0.0,0.0,0.0,0,(),0.0,0.0
4110,North End Avenue,0.0,0.0,0.0,0,(),0.0,0.0
4115,North End Avenue,0.0,0.0,0.0,0,(),0.0,0.0
4120,North End Avenue,0.0,0.0,0.0,0,(),0.0,0.0
4125,North End Avenue,0.0,0.0,0.0,0,(),0.0,0.0
4130,North End Avenue,0.0,0.0,0.0,0,(),0.0,0.0
4135,North End Avenue,0.0,0.0,0.0,0,(),0.0,0.0
4140,North End Avenue,0.0,0.0,0.0,0,(),0.0,0.0
4145,North End Avenue,0.0,0.0,0.0,0,(),0.0,0.0
4150,North End Avenue,0.0,0.0,0.0,0,(),0.0,0.0
4155,North End Avenue,0.0,0.0,0.0,0,(),0.0,0.0
4160,North End Avenue,0.0,0.0,0.0,0,(),0.0,0.0
4165,North End Avenue,0.0,0.0,0.0,0,(),0.0,0.0
4170,North End Avenue,0.0,0.0,0.0,0,(),0.0,0.0
4175,North End Avenue,0.0,0.0,0.0,0,(),0.0,0.0
4180,North End Avenue,0.0,0.0,0.0,0,(),0.0,0.0
4185,North End Avenue,0.0,0.0,0.0,0,(),0.0,0.0
4190,North End Avenue,0.0,0.0,0.0,0,(),0.0,0.0
4195,North End Avenue,0.0,0.0,0.0,0,(),0.0,0.0
4200,North End Avenue,0.0,0.0,0.0,0,(),0.0,0.0
4205,North End Avenue,0.0,0.0,0.0,0,(),0.0,0.0
4210,North End Avenue,0.0,0.0,0.0,0,(),0.0,0.0
4215,North End Avenue,0.0,0.0,0.0,0,(),0.0,0.0
4220,North End Avenue,0.0,0.0,0.0,0,(),0.0,0.0
4225,North End Avenue,0.0,0.0,0.0,0,(),0.0,0.0
4230,North End Avenue,0.0,0.0,0.0,0,(),0.0,0.0
4235,North End Avenue,0.0,0.0,0.0,0,(),0.0,0.0
4240,North End Avenue,0.0,0.0,0.0,0,(),0.0,0.0
4245,North End Avenue,0.0,0.0,0.0,0,(),0.0,0.0
4250,North End Avenue,0.0,0.0,0.0,0,(),0.0,0.0
4255,North End Avenue,0.0,0.0,0.0,0,(),0.0,0.0
4260,North End Avenue,0.0,0.0,0.0,0,(),0.0,0.0
4265,North End Avenue,0.0,0.0,0.0,0,(),0.0,0.0
4270,North End Avenue,0.0,0.0,0.0,0,(),0.0,0.0
4275,North End Avenue,0.0,0.0,0.0,0,(),0.0,0.0
4280,North End Avenue,0.0,0.0,0.0,0,(),0.0,0.0
4285,North End Avenue,0.0,0.0,0.0,0,(),0.0,0.0
4290,North End Avenue,0.0,0.0,0.0,0,(),0.0,0.0
4295,North End Avenue,0.0,0.0,0.0,0,(),0.0,0.0
4300,North End Avenue,0.0,0.0,0.0,0,(),0.0,0.0
4305,North End Avenue,0.0,0.0,0.0,0,(),0.0,0.0
4310,North End Avenue,0.0,0.0,0.0,0,(),0.0,0.0
4315,North End Avenue,0.0,0.0,0.0,0,(),0.0,0.0
4320,North End Avenue,0.0,0.0,0.0,0,(),0.0,0.0
4325,North End Avenue,0.0,0.0,0.0,0,(),0.0,0.0
4330,North End Avenue,0.0,0.0,0.0,0,(),0.0,0.0
4335,North End Avenue,0.0,0.0,0.0,0,(),0.0,0.0
4340,North End Avenue,0.0,0.0,0.0,0,(),0.0,0.0
4345,North End Avenue,0.0,0.0,0.0,0,(),0.0,0.0
4350,North End Avenue,0.0,0.0,0.0,0,(),0.0,0.0
4355,North End Avenue,0.0,0.0,0.0,0,(),0.0,0.0
4360,North End Avenue,0.0,0.0,0.0,0,(),0.0,0.0
4365,North End Avenue,0.0,0.0,0.0,0,(),0.0,0.0
4370,North End Avenue,0.0,0.0,0.0,0,(),0.0,0.0
4375,North End Avenue,0.0,0.0,0.0,0,(),0.0,0.0
4380,North End Avenue,0.0,0.0,0.0,0,(),0.0,0.0
4385,North End Avenue,0.0,0.0,0.0,0,(),0.0,0.0
4390,North End Avenue,0.0,0.0,0.0,0,(),0.0,0.0
4395,North End Avenue,0.0,0.0,0.0,0,(),0.0,0.0
4400,North End Avenue,0.0,0.0,0.0,0,(),0.0,0.0
4405,North End Avenue,0.0,0.0,0.0,0,(),0.0,0.0
4410,North End Avenue,0.0,0.0,0.0,0,(),0.0,0.0
4415,North End Avenue,0.0,0.0,0.0,0,(),0.0,0.0
4420,North End Avenue,0.0,0.0,0.0,0,(),0.0,0.0
4425,North End Avenue,0.0,0.0,0.0,0,(),0.0,0.0
4430,North End Avenue,0.0,0.0,0.0,0,(),0.0,0.0
4435,North End Avenue,0.0,0.0,0.0,0,(),0.0,0.0
4440,North End Avenue,0.0,0.0,0.0,0,(),0.0,0.0
4445,North End Avenue,0.0,0.0,0.0,0,(),0.0,0.0
4450,North End Avenue,0.0,0.0,0.0,0,(),0.0,0.0
4455,North End Avenue,0.0,0.0,0.0,0,(),0.0,0.0
4460,North End Avenue,0.0,0.0,0.0,0,(),0.0,0.0
4465,North End Avenue,0.0,0.0,0.0,0,(),0.0,0.0
4470,North End Avenue,0.0,0.0,0.0,0,(),0.0,0.0
4475,North End Avenue,0.0,0.0,0.0,0,(),0.0,0.0
4480,North End Avenue,0.0,0.0,0.0,0,(),0.0,0.0
4485,North End Avenue,0.0,0.0,0.0,0,(),0.0,0.0
4490,North End Avenue,0.0,0.0,0.0,0,(),0.0,0.0
4495,North End Avenue,0.0,0.0,0.0,0,(),0.0,0.0
4500,North End Avenue,0.0,0.0,0.0,0,(),0.0,0.0
4505,North End Avenue,0.0,0.0,0.0,0,(),0.0,0.0
4510,North End Avenue,0.0,0.0,0.0,0,(),0.0,0.0
4515,North End Avenue,0.0,0.0,0.0,0,(),0.0,0.0
4520,North End Avenue,0.0,0.0,0.0,0,(),0.0,0.0
4525,North End Avenue,0.0,0.0,0.0,0,(),0.0,0.0
4530,North End Avenue,0.0,0.0,0.0,0,(),0.0,0.0
4535,North End Avenue,0.0,0.0,0.0,0,(),0.0,0.0
4540,North End Avenue,0.0,0.0,0.0,0,(),0.0,0.0
4545,North End Avenue,0.0,0.0,0.0,0,(),0.0,0.0
4550,North End Avenue,0.0,0.0,0.0,0,(),0.0,0.0
4555,North End Avenue,0.0,0.0,0.0,0,(),0.0,0.0
4560,North End Avenue,0.0,0.0,0.0,0,(),0.0,0.0
4565,North End Avenue,0.0,0.0,0.0,0,(),0.0,0.0
4570,North End Avenue,0.0,0.0,0.0,0,(),0.0,0.0
4575,North End Avenue,0.0,0.0,0.0,0,(),0.0,0.0
4580,North End Avenue,0.0,0.0,0.0,0,(),0.0,0.0
4585,North End Avenue,0.0,0.0,0.0,0,(),0.0,0.0
4590,North End Avenue,0.0,0.0,0.0,0,(),0.0,0.0
4595,North End Avenue,0.0,0.0,0.0,0,(),0.0,0.0
4600,North End Avenue,0.0,0.0,0.0,0,(),0.0,0.0
4605,North End Avenue,0.0,0.0,0.0,0,(),0.0,0.0
4610,North End Avenue,0.0,0.0,0.0,0,(),0.0,0.0
4615,North End Avenue,0.0,0.0,0.0,0,(),0.0,0.0
4620,North End Avenue,0.0,0.0,0.0,0,(),0.0,0.0
4625,North End Avenue,0.0,0.0,0.0,0,(),0.0,0.0
4630,North End Avenue,0.0,0.0,0.0,0,(),0.0,0.0
4635,North End Avenue,0.0,0.0,0.0,0,(),0.0,0.0
4640,North End Avenue,0.0,0.0,0.0,0,(),0.0,0.0
4645,North End Avenue,0.0,0.0,0.0,0,(),0.0,0.0
4650,North End Avenue,0.0,0.0,0.0,0,(),0.0,0.0
4655,North End Avenue,0.0,0.0,0.0,0,(),0.0,0.0
4660,North End Avenue,0.0,0.0,0.0,0,(),0.0,0.0
4665,North End Avenue,0.0,0.0,0.0,0,(),0.0,0.0
4670,North End Avenue,0.0,0.0,0.0,0,(),0.0,0.0
4675,North End Avenue,0.0,0.0,0.0,0,(),0.0,0.0
4680,North End Avenue,0.0,0.0,0.0,0,(),0.0,0.0
4685,North End Avenue,0.0,0.0,0.0,0,(),0.0,0.0
4690,North End Avenue,0.0,0.0,0.0,0,(),0.0,0.0
4695,North End Avenue,0.0,0.0,0.0,0,(),0.0,0.0
4700,North End Avenue,0.0,0.0,0.0,0,(),0.0,0.0
4705,North End Avenue,0.0,0.0,0.0,0,(),0.0,0.0
4710,North End Avenue,0.0,0.0,0.0,0,(),0.0,0.0
4715,North End Avenue,0.0,0.0,0.0,0,(),0.0,0.0
4720,North End Avenue,0.0,0.0,0.0,0,(),0.0,0.0
4725,North End Avenue,0.0,0.0,0.0,0,(),0.0,0.0
4730,North End Avenue,0.0,0.0,0.0,0,(),0.0,0.0
4735,North End Avenue,0.0,0.0,0.0,0,(),0.0,0.0
4740,North End Avenue,0.0,0.0,0.0,0,(),0.0,0.0
4745,North End Avenue,0.0,0.0,0.0,0,(),0.0,0.0
4750,North End Avenue,0.0,0.0,0.0,0,(),0.0,0.0
4755,North End Avenue,0.0,0.0,0.0,0,(),0.0,0.0
4760,North End Avenue,0.0,0.0,0.0,0,(),0.0,0.0
4765,North End Avenue,0.0,0.0,0.0,0,(),0.0,0.0
4770,North End Avenue,0.0,0.0,0.0,0,(),0.0,0.0
4775,North End Avenue,0.0,0.0,0.0,0,(),0.0,0.0
4780,North End Avenue,0.0,0.0,0.0,0,(),0.0,0.0
4785,North End Avenue,0.0,0.0,0.0,0,(),0.0,0.0
4790,North End Avenue,0.0,0.0,0.0,0,(),0.0,0.0
4795,North End Avenue,0.0,0.0,0.0,0,(),0.0,0.0
4800,North End Avenue,0.0,0.0,0.0,0,(),0.0,0.0
4805,North End Avenue,0.0,0.0,0.0,0,(),0.0,0.0
4810,North End Avenue,0.0,0.0,0.0,0,(),0.0,0.0
4815,North End Avenue,0.0,0.0,0.0,0,(),0.0,0.0
4820,North End Avenue,0.0,0.0,0.0,0,(),0.0,0.0
4825,North End Avenue,0.0,0.0,0.0,0,(),0.0,0.0
4830,North End Avenue,0.0,0.0,0.0,0,(),0.0,0.0
4835,North End Avenue,0.0,0.0,0.0,0,(),0.0,0.0
4840,North End Avenue,0.0,0.0,0.0,0,(),0.0,0.0
4845,North End Avenue,0.0,0.0,0.0,0,(),0.0,0.0
4850,North End Avenue,0.0,0.0,0.0,0,(),0.0,0.0
4855,North End Avenue,0.0,0.0,0.0,0,(),0.0,0.0
4860,North End Avenue,0.0,0.0,0.0,0,(),0.0,0.0
4865,North End Avenue,0.0,0.0,0.0,0,(),0.0,0.0
4870,North End Avenue,0.0,0.0,0.0,0,(),0.0,0.0
4875,North End Avenue,0.0,0.0,0.0,0,(),0.0,0.0
4880,North End Avenue,0.0,0.0,0.0,0,(),0.0,0.0
4885,North End Avenue,0.0,0.0,0.0,0,(),0.0,0.0
4890,North End Avenue,0.0,0.0,0.0,0,(),0.0,0.0
4895,North End Avenue,0.0,0.0,0.0,0,(),0.0,0.0
4900,North End Avenue,0.0,0.0,0.0,0,(),0.0,0.0
4905,North End Avenue,0.0,0.0,0.0,0,(),0.0,0.0
4910,North End Avenue,0.0,0.0,0.0,0,(),0.0,0.0
4915,North End Avenue,0.0,0.0,0.0,0,(),0.0,0.0
4920,North End Avenue,0.0,0.0,0.0,0,(),0.0,0.0
4925,North End Avenue,0.0,0.0,0.0,0,(),0.0,0.0
4930,North End Avenue,0.0,0.0,0.0,0,(),0.0,0.0
4935,North End Avenue,0.0,0.0,0.0,0,(),0.0,0.0
4940,North End Avenue,0.0,0.0,0.0,0,(),0.0,0.0
4945,North End Avenue,0.0,0.0,0.0,0,(),0.0,0.0
4950,North End Avenue,0.0,0.0,0.0,0,(),0.0,0.0
4955,North End Avenue,0.0,0.0,0.0,0,(),0.0,0.0
4960,North End Avenue,0.0,0.0,0.0,0,(),0.0,0.0
4965,North End Avenue,0.0,0.0,0.0,0,(),0.0,0.0
4970,North End Avenue,0.0,0.0,0.0,0,(),0.0,0.0
4975,North End Avenue,0.0,0.0,0.0,0,(),0.0,0.0
4980,North End Avenue,0.0,0.0,0.0,0,(),0.0,0.0
4985,North End Avenue,0.0,0.0,0.0,0,(),0.0,0.0
4990,North End Avenue,0.0,0.0,0.0,0,(),0.0,0.0
4995,North End Avenue,0.0,0.0,0.0,0,(),0.0,0.0
5000,North End Avenue,0.0,0.0,0.0,0,(),0.0,0.0
5005,North End Avenue,0.0,0.0,0.0,0,(),0.0,0.0
5010,North End Avenue,0.0,0.0,0.0,0,(),0.0,0.0
5015,North End Avenue,0.0,0.0,0.0,0,(),0.0,0.0
5020,North End Avenue,0.0,0.0,0.0,0,(),0.0,0.0
5025,North End Avenue,0.0,0.0,0.0,0,(),0.0,0.0
5030,North End Avenue,0.0,0.0,0.0,0,(),0.0,0.0
5035,North End Avenue,0.0,0.0,0.0,0,(),0.0,0.0
5040,North End Avenue,0.0,0.0,0.0,0,(),0.0,0.0
5045,North End Avenue,0.0,0.0,0.0,0,(),0.0,0.0
5050,North End Avenue,0.0,0.0,0.0,0,(),0.0,0.0
5055,North End Avenue,0.0,0.0,0.0,0,(),0.0,0.0
5060,North End Avenue,0.0,0.0,0.0,0,(),0.0,0.0
5065,North End Avenue,0.0,0.0,0.0,0,(),0.0,0.0
5070,North End Avenue,0.0,0.0,0.0,0,(),0.0,0.0
5075,North End Avenue,0.0,0.0,0.0,0,(),0.0,0.0
5080,North End Avenue,0.0,0.0,0.0,0,(),0.0,0.0
5085,North End Avenue,0.0,0.0,0.0,0,(),0.0,0.0
5090,North End Avenue,0.0,0.0,0.0,0,(),0.0,0.0
5095,North End Avenue,0.0,0.0,0.0,0,(),0.0,0.0
5100,North End Avenue,0.0,0.0,0.0,0,(),0.0,0.0
5105,North End Avenue,0.0,0.0,0.0,0,(),0.0,0.0
5110,North End Avenue,0.0,0.0,0.0,0,(),0.0,0.0
5115,North End Avenue,0.0,0.0,0.0,0,(),0.0,0.0
5120,North End Avenue,0.0,0.0,0.0,0,(),0.0,0.0
5125,North End Avenue,0.0,0.0,0.0,0,(),0.0,0.0
5130,North End Avenue,0.0,0.0,0.0,0,(),0.0,0.0
5135,North End Avenue,0.0,0.0,0.0,0,(),0.0,0.0
5140,North End Avenue,0.0,0.0,0.0,0,(),0.0,0.0
5145,North End Avenue,0.0,0.0,0.0,0,(),0.0,0.0
5150,North End Avenue,0.0,0.0,0.0,0,(),0.0,0.0
5155,North End Avenue,0.0,0.0,0.0,0,(),0.0,0.0
5160,North End Avenue,0.0,0.0,0.0,0,(),0.0,0.0
5165,North End Avenue,0.0,0.0,0.0,0,(),0.0,0.0
5170,North End Avenue,0.0,0.0,0.0,0,(),0.0,0.0
5175,North End Avenue,0.0,0.0,0.0,0,(),0.0,0.0
5180,North End Avenue,0.0,0.0,0.0,0,(),0.0,0.0
5185,North End Avenue,0.0,0.0,0.0,0,(),0.0,0.0
5190,North End Avenue,0.0,0.0,0.0,0,(),0.0,0.0
5195,North End Avenue,0.0,0.0,0.0,0,(),0.0,0.0
5200,North End Avenue,0.0,0.0,0.0,0,(),0.0,0.0
5205,North End Avenue,0.0,0.0,0.0,0,(),0.0,0.0
5210,North End Avenue,0.0,0.0,0.0,0,(),0.0,0.0
5215,North End Avenue,0.0,0.0,0.0,0,(),0.0,0.0
5220,North End Avenue,0.0,0.0,0.0,0,(),0.0,0.0
5225,North End Avenue,0.0,0.0,0.0,0,(),0.0,0.0
5230,North End Avenue,0.0,0.0,0.0,0,(),0.0,0.0
5235,North End Avenue,0.0,0.0,0.0,0,(),0.0,0.0
5240,North End Avenue,0.0,0.0,0.0,0,(),0.0,0.0
5245,North End Avenue,0.0,0.0,0.0,0,(),0.0,0.0
5250,North End Avenue,0.0,0.0,0.0,0,(),0.0,0.0
5255,North End Avenue,0.0,0.0,0.0,0,(),0.0,0.0
5260,North End Avenue,0.0,0.0,0.0,0,(),0.0,0.0
5265,North End Avenue,0.0,0.0,0.0,0,(),0.0,0.0
5270,North End Avenue,0.0,0.0,0.0,0,(),0.0,0.0
5275,North End Avenue,0.0,0.0,0.0,0,(),0.0,0.0
5280,North End Avenue,0.0,0.0,0.0,0,(),0.0,0.0
5285,North End Avenue,0.0,0.0,0.0,0,(),0.0,0.0
5290,North End Avenue,0.0,0.0,0.0,0,(),0.0,0.0
5295,North End Avenue,0.0,0.0,0.0,0,(),0.0,0.0
5300,North End Avenue,0.0,0.0,0.0,0,(),0.0,0.0
5305,North End Avenue,0.0,0.0,0.0,0,(),0.0,0.0
5310,North End Avenue,0.0,0.0,0.0,0,(),0.0,0.0
5315,North End Avenue,0.0,0.0,0.0,0,(),0.0,0.0
5320,North End Avenue,0.0,0.0,0.0,0,(),0.0,0.0
5325,North End Avenue,0.0,0.0,0.0,0,(),0.0,0.0
5330,North End Avenue,0.0,0.0,0.0,0,(),0.0,0.0
5335,North End Avenue,0.0,0.0,0.0,0,(),0.0,0.0
5340,North End Avenue,0.0,0.0,0.0,0,(),0.0,0.0
5345,North End Avenue,0.0,0.0,0.0,0,(),0.0,0.0
5350,North End Avenue,0.0,0.0,0.0,0,(),0.0,0.0
5355,North End Avenue,0.0,0.0,0.0,0,(),0.0,0.0
5360,North End Avenue,0.0,0.0,0.0,0,(),0.0,0.0
5365,North End Avenue,0.0,0.0,0.0,0,(),0.0,0.0
5370,North End Avenue,0.0,0.0,0.0,0,(),0.0,0.0
5375,North End Avenue,0.0,0.0,0.0,0,(),0.0,0.0
5380,North End Avenue,0.0,0.0,0.0,0,(),0.0,0.0
5385,North End Avenue,0.0,0.0,0.0,0,(),0.0,0.0
5390,North End Avenue,0.0,0.0,0.0,0,(),0.0,0.0
5395,North End Avenue,0.0,0.0,0.0,0,(),0.0,0.0
5400,North End Avenue,0.0,0.0,0.0,0,(),0.0,0.0
5405,North End Avenue,0.0,0.0,0.0,0,(),0.0,0.0
5410,North End Avenue,0.0,0.0,0.0,0,(),0.0,0.0
5415,North End Avenue,0.0,0.0,0.0,0,(),0.0,0.0
5420,North End Avenue,0.0,0.0,0.0,0,(),0.0,0.0
5425,North End Avenue,0.0,0.0,0.0,0,(),0.0,0.0
5430,North End Avenue,0.0,0.0,0.0,0,(),0.0,0.0
5435,North End Avenue,0.0,0.0,0.0,0,(),0.0,0.0
5440,North End Avenue,0.0,0.0,0.0,0,(),0.0,0.0
5445,North End Avenue,0.0,0.0,0.0,0,(),0.0,0.0
5450,North End Avenue,0.0,0.0,0.0,0,(),0.0,0.0
5455,North End Avenue,0.0,0.0,0.0,0,(),0.0,0.0
5460,North End Avenue,0.0,0.0,0.0,0,(),0.0,0.0
5465,North End Avenue,0.0,0.0,0.0,0,(),0.0,0.0
5470,North End Avenue,0.0,0.0,0.0,0,(),0.0,0.0
5475,North End Avenue,0.0,0.0,0.0,0,(),0.0,0.0
5480,North End Avenue,0.0,0.0,0.0,0,(),0.0,0.0
5485,North End Avenue,0.0,0.0,0.0,0,(),0.0,0.0
5490,North End Avenue,0.0,0.0,0.0,0,(),0.0,0.0
5495,North End Avenue,0.0,0.0,0.0,0,(),0.0,0.0
5500,North End Avenue,0.0,0.0,0.0,0,(),0.0,0.0
5505,North End Avenue,0.0,0.0,0.0,0,(),0.0,0.0
5510,North End Avenue,0.0,0.0,0.0,0,(),0.0,0.0
5515,North End Avenue,0.0,0.0,0.0,0,(),0.0,0.0
5520,North End Avenue,0.0,0.0,0.0,0,(),0.0,0.0
5525,North End Avenue,0.0,0.0,0.0,0,(),0.0,0.0
5530,North End Avenue,0.0,0.0,0.0,0,(),0.0,0.0
5535,North End Avenue,0.0,0.0,0.0,0,(),0.0,0.0
5540,North End Avenue,0.0,0.0,0.0,0,(),0.0,0.0
5545,North End Avenue,0.0,0.0,0.0,0,(),0.0,0.0
5550,North End Avenue,0.0,0.0,0.0,0,(),0.0,0.0
5555,North End Avenue,0.0,0.0,0.0,0,(),0.0,0.0
5560,North End Avenue,0.0,0.0,0.0,0,(),0.0,0.0
5565,North End Avenue,0.0,0.0,0.0,0,(),0.0,0.0
5570,North End Avenue,0.0,0.0,0.0,0,(),0.0,0.0
5575,North End Avenue,0.0,0.0,0.0,0,(),0.0,0.0
5580,North End Avenue,0.0,0.0,0.0,0,(),0.0,0.0
5585,North End Avenue,0.0,0.0,0.0,0,(),0.0,0.0
5590,North End Avenue,0.0,0.0,0.0,0,(),0.0,0.0
5595,North End Avenue,0.0,0.0,0.0,0,(),0.0,0.0
5600,North End Avenue,0.0,0.0,0.0,0,(),0.0,0.0
5605,North End Avenue,0.0,0.0,0.0,0,(),0.0,0.0
5610,North End Avenue,0.0,0.0,0.0,0,(),0.0,0.0
5615,North End Avenue,0.0,0.0,0.0,0,(),0.0,0.0
5620,North End Avenue,0.0,0.0,0.0,0,(),0.0,0.0
5625,North End Avenue,0.0,0.0,0.0,0,(),0.0,0.0
5630,North End Avenue,0.0,0.0,0.0,0,(),0.0,0.0
5635,North End Avenue,0.0,0.0,0.0,0,(),0.0,0.0
5640,North End Avenue,0.0,0.0,0.0,0,(),0.0,0.0
5645,North End Avenue,0.0,0.0,0.0,0,(),0.0,0.0
5650,North End Avenue,0.0,0.0,0.0,0,(),0.0,0.0
5655,North End Avenue,0.0,0.0,0.0,0,(),0.0,0.0
5660,North End Avenue,0.0,0.0,0.0,0,(),0.0,0.0
5665,North End Avenue,0.0,0.0,0.0,0,(),0.0,0.0
5670,North End Avenue,0.0,0.0,0.0,0,(),0.0,0.0
5675,North End Avenue,0.0,0.0,0.0,0,(),0.0,0.0
5680,North End Avenue,0.0,0.0,0.0,0,(),0.0,0.0
5685,North End Avenue,0.0,0.0,0.0,0,(),0.0,0.0
5690,North End Avenue,0.0,0.0,0.0,0,(),0.0,0.0
5695,North End Avenue,0.0,0.0,0.0,0,(),0.0,0.0
5700,North End Avenue,0.0,0.0,0.0,0,(),0.0,0.0
5705,North End Avenue,0.0,0.0,0.0,0,(),0.0,0.0
5710,North End Avenue,0.0,0.0,0.0,0,(),0.0,0.0
5715,North End Avenue,0.0,0.0,0.0,0,(),0.0,0.0
5720,North End Avenue,0.0,0.0,0.0,0,(),0.0,0.0
5725,North End Avenue,0.0,0.0,0.0,0,(),0.0,0.0
5730,North End Avenue,0.0,0.0,0.0,0,(),0.0,0.0
5735,North End Avenue,0.0,0.0,0.0,0,(),0.0,0.0
5740,North End Avenue,0.0,0.0,0.0,0,(),0.0,0.0
5745,North End Avenue,0.0,0.0,0.0,0,(),0.0,0.0
5750,North End Avenue,0.0,0.0,0.0,0,(),0.0,0.0
5755,North End Avenue,0.0,0.0,0.0,0,(),0.0,0.0
5760,North End Avenue,0.0,0.0,0.0,0,(),0.0,0.0
5765,North End Avenue,0.0,0.0,0.0,0,(),0.0,0.0
5770,North End Avenue,0.0,0.0,0.0,0,(),0.0,0.0
5775,North End Avenue,0.0,0.0,0.0,0,(),0.0,0.0
5780,North End Avenue,0.0,0.0,0.0,0,(),0.0,0.0
5785,North End Avenue,0.0,0.0,0.0,0,(),0.0,0.0
5790,North End Avenue,0.0,0.0,0.0,0,(),0.0,0.0
5795,North End Avenue,0.0,0.0,0.0,0,(),0.0,0.0
5800,North End Avenue,0.0,0.0,0.0,0,(),0.0,0.0
5805,North End Avenue,0.0,0.0,0.0,0,(),0.0,0.0
5810,North End Avenue,0.0,0.0,0.0,0,(),0.0,0.0
5815,North End Avenue,0.0,0.0,0.0,0,(),0.0,0.0
5820,North End Avenue,0.0,0.0,0.0,0,(),0.0,0.0
5825,North End Avenue,0.0,0.0,0.0,0,(),0.0,0.0
5830,North End Avenue,0.0,0.0,0.0,0,(),0.0,0.0
5835,North End Avenue,0.0,0.0,0.0,0,(),0.0,0.0
5840,North End Avenue,0.0,0.0,0.0,0,(),0.0,0.0
5845,North End Avenue,0.0,0.0,0.0,0,(),0.0,0.0
5850,North End Avenue,0.0,0.0,0.0,0,(),0.0,0.0
5855,North End Avenue,0.0,0.0,0.0,0,(),0.0,0.0
5860,North End Avenue,0.0,0.0,0.0,0,(),0.0,0.0
5865,North End Avenue,0.0,0.0,0.0,0,(),0.0,0.0
5870,North End Avenue,0.0,0.0,0.0,0,(),0.0,0.0
5875,North End Avenue,0.0,0.0,0.0,0,(),0.0,0.0
5880,North End Avenue,0.0,0.0,0.0,0,(),0.0,0.0
5885,North End Avenue,0.0,0.0,0.0,0,(),0.0,0.0
5890,North End Avenue,0.0,0.0,0.0,0,(),0.0,0.0
5895,North End Avenue,0.0,0.0,0.0,0,(),0.0,0.0
5900,North End Avenue,0.0,0.0,0.0,0,(),0.0,0.0
5905,North End Avenue,0.0,0.0,0.0,0,(),0.0,0.0
5910,North End Avenue,0.0,0.0,0.0,0,(),0.0,0.0
5915,North End Avenue,0.0,0.0,0.0,0,(),0.0,0.0
5920,North End Avenue,0.0,0.0,0.0,0,(),0.0,0.0
5925,North End Avenue,0.0,0.0,0.0,0,(),0.0,0.0
5930,North End Avenue,0.0,0.0,0.0,0,(),0.0,0.0
5935,North End Avenue,0.0,0.0,0.0,0,(),0.0,0.0
5940,North End Avenue,0.0,0.0,0.0,0,(),0.0,0.0
5945,North End Avenue,0.0,0.0,0.0,0,(),0.0,0.0
5950,North End Avenue,0.0,0.0,0.0,0,(),0.0,0.0
5955,North End Avenue,0.0,0.0,0.0,0,(),0.0,0.0
5960,North End Avenue,0.0,0.0,0.0,0,(),0.0,0.0
5965,North End Avenue,0.0,0.0,0.0,0,(),0.0,0.0
5970,North End Avenue,0.0,0.0,0.0,0,(),0.0,0.0
5975,North End Avenue,0.0,0.0,0.0,0,(),0.0,0.0
5980,North End Avenue,0.0,0.0,0.0,0,(),0.0,0.0
5985,North End Avenue,0.0,0.0,0.0,0,(),0.0,0.0
5990,North End Avenue,0.0,0.0,0.0,0,(),0.0,0.0
5995,North End Avenue,0.0,0.0,0.0,0,(),0.0,0.0
6000,North End Avenue,0.0,0.0,0.0,0,(),0.0,0.0
6005,North End Avenue,0.0,0.0,0.0,0,(),0.0,0.0
6010,North End Avenue,0.0,0.0,0.0,0,(),0.0,0.0
6015,North End Avenue,0.0,0.0,0.0,0,(),0.0,0.0
6020,North End Avenue,0.0,0.0,0.0,0,(),0.0,0.0
6025,North End Avenue,0.0,0.0,0.0,0,(),0.0,0.0
6030,North End Avenue,0.0,0.0,0.0,0,(),0.0,0.0
6035,North End Avenue,0.0,0.0,0.0,0,(),0.0,0.0
6040,North End Avenue,0.0,0.0,0.0,0,(),0.0,0.0
6045,North End Avenue,0.0,0.0,0.0,0,(),0.0,0.0
6050,North End Avenue,0.0,0.0,0.0,0,(),0.0,0.0
6055,North End Avenue,0.0,0.0,0.0,0,(),0.0,0.0
6060,North End Avenue,0.0,0.0,0.0,0,(),0.0,0.0
6065,North End Avenue,0.0,0.0,0.0,0,(),0.0,0.0
6070,North End Avenue,0.0,0.0,0.0,0,(),0.0,0.0
6075,North End Avenue,0.0,0.0,0.0,0,(),0.0,0.0
6080,North End Avenue,0.0,0.0,0.0,0,(),0.0,0.0
6085,North End Avenue,0.0,0.0,0.0,0,(),0.0,0.0
6090,North End Avenue,0.0,0.0,0.0,0,(),0.0,0.0
6095,North End Avenue,0.0,0.0,0.0,0,(),0.0,0.0
6100,North End Avenue,0.0,0.0,0.0,0,(),0.0,0.0
6105,North End Avenue,0.0,0.0,0.0,0,(),0.0,0.0
6110,North End Avenue,0.0,0.0,0.0,0,(),0.0,0.0
6115,North End Avenue,0.0,0.0,0.0,0,(),0.0,0.0
6120,North End Avenue,0.0,0.0,0.0,0,(),0.0,0.0
6125,North End Avenue,0.0,0.0,0.0,0,(),0.0,0.0
6130,North End Avenue,0.0,0.0,0.0,0,(),0.0,0.0
6135,North End Avenue,0.0,0.0,0.0,0,(),0.0,0.0
6140,North End Avenue,0.0,0.0,0.0,0,(),0.0,0.0
6145,North End Avenue,0.0,0.0,0.0,0,(),0.0,0.0
6150,North End Avenue,0.0,0.0,0.0,0,(),0.0,0.0
6155,North End Avenue,0.0,0.0,0.0,0,(),0.0,0.0
6160,North End Avenue,0.0,0.0,0.0,0,(),0.0,0.0
6165,North End Avenue,0.0,0.0,0.0,0,(),0.0,0.0
6170,North End Avenue,0.0,0.0,0.0,0,(),0.0,0.0
6175,North End Avenue,0.0,0.0,0.0,0,(),0.0,0.0
6180,North End Avenue,0.0,0.0,0.0,0,(),0.0,0.0
6185,North End Avenue,0.0,0.0,0.0,0,(),0.0,0.0
6190,North End Avenue,0.0,0.0,0.0,0,(),0.0,0.0
6195,North End Avenue,0.0,0.0,0.0,0,(),0.0,0.0
6200,North End Avenue,0.0,0.0,0.0,0,(),0.0,0.0
6205,North End Avenue,0.0,0.0,0.0,0,(),0.0,0.0
6210,North End Avenue,0.0,0.0,0.0,0,(),0.0,0.0
6215,North End Avenue,0.0,0.0,0.0,0,(),0.0,0.0
6220,North End Avenue,0.0,0.0,0.0,0,(),0.0,0.0
6225,North End Avenue,0.0,0.0,0.0,0,(),0.0,0.0
6230,North End Avenue,0.0,0.0,0.0,0,(),0.0,0.0
6235,North End Avenue,0.0,0.0,0.0,0,(),0.0,0.0
6240,North End Avenue,0.0,0.0,0.0,0,(),0.0,0.0
6245,North End Avenue,0.0,0.0,0.0,0,(),0.0,0.0
6250,North End Avenue,0.0,0.0,0.0,0,(),0.0,0.0
6255,North End Avenue,0.0,0.0,0.0,0,(),0.0,0.0
6260,North End Avenue,0.0,0.0,0.0,0,(),0.0,0.0
6265,North End Avenue,0.0,0.0,0.0,0,(),0.0,0.0
6270,North End Avenue,0.0,0.0,0.0,0,(),0.0,0.0
6275,North End Avenue,0.0,0.0,0.0,0,(),0.0,0.0
6280,North End Avenue,0.0,0.0,0.0,0,(),0.0,0.0
6285,North End Avenue,0.0,0.0,0.0,0,(),0.0,0.0
6290,North End Avenue,0.0,0.0,0.0,0,(),0.0,0.0
6295,North End Avenue,0.0,0.0,0.0,0,(),0.0,0.0
6300,North End Avenue,0.0,0.0,0.0,0,(),0.0,0.0
6305,North End Avenue,0.0,0.0,0.0,0,(),0.0,0.0
6310,North End Avenue,0.0,0.0,0.0,0,(),0.0,0.0
6315,North End Avenue,0.0,0.0,0.0,0,(),0.0,0.0
6320,North End Avenue,0.0,0.0,0.0,0,(),0.0,0.0
6325,North End Avenue,0.0,0.0,0.0,0,(),0.0,0.0
6330,North End Avenue,0.0,0.0,0.0,0,(),0.0,0.0
6335,North End Avenue,0.0,0.0,0.0,0,(),0.0,0.0
6340,North End Avenue,0.0,0.0,0.0,0,(),0.0,0.0
6345,North End Avenue,0.0,0.0,0.0,0,(),0.0,0.0
6350,North End Avenue,0.0,0.0,0.0,0,(),0.0,0.0
6355,North End Avenue,0.0,0.0,0.0,0,(),0.0,0.0
6360,North End Avenue,0.0,0.0,0.0,0,(),0.0,0.0
6365,North End Avenue,0.0,0.0,0.0,0,(),0.0,0.0
6370,North End Avenue,0.0,0.0,0.0,0,(),0.0,0.0
6375,North End Avenue,0.0,0.0,0.0,0,(),0.0,0.0
6380,North End Avenue,0.0,0.0,0.0,0,(),0.0,0.0
6385,North End Avenue,0.0,0.0,0.0,0,(),0.0,0.0
6390,North End Avenue,0.0,0.0,0.0,0,(),0.0,0.0
6395,North End Avenue,0.0,0.0,0.0,0,(),0.0,0.0
6400,North End Avenue,0.0,0.0,0.0,0,(),0.0,0.0
6405,North End Avenue,0.0,0.0,0.0,0,(),0.0,0.0
6410,North End Avenue,0.0,0.0,0.0,0,(),0.0,0.0
6415,North End Avenue,0.0,0.0,0.0,0,(),0.0,0.0
6420,North End Avenue,0.0,0.0,0.0,0,(),0.0,0.0
6425,North End Avenue,0.0,0.0,0.0,0,(),0.0,0.0
6430,North End Avenue,0.0,0.0,0.0,0,(),0.0,0.0
6435,North End Avenue,0.0,0.0,0.0,0,(),0.0,0.0
6440,North End Avenue,0.0,0.0,0.0,0,(),0.0,0.0
6445,North End Avenue,0.0,0.0,0.0,0,(),0.0,0.0
6450,North End Avenue,0.0,0.0,0.0,0,(),0.0,0.0
6455,North End Avenue,0.0,0.0,0.0,0,(),0.0,0.0
6460,North End Avenue,0.0,0.0,0.0,0,(),0.0,0.0
6465,North End Avenue,0.0,0.0,0.0,0,(),0.0,0.0
6470,North End Avenue,0.0,0.0,0.0,0,(),0.0,0.0
6475,North End Avenue,0.0,0.0,0.0,0,(),0.0,0.0
6480,North End Avenue,0.0,0.0,0.0,0,(),0.0,0.0
6485,North End Avenue,0.0,0.0,0.0,0,(),0.0,0.0
6490,North End Avenue,0.0,0.0,0.0,0,(),0.0,0.0
6495,North End Avenue,0.0,0.0,0.0,0,(),0.0,0.0
6500,North End Avenue,0.0,0.0,0.0,0,(),0.0,0.0
6505,North End Avenue,0.0,0.0,0.0,0,(),0.0,0.0
6510,North End Avenue,0.0,0.0,0.0,0,(),0.0,0.0
6515,North End Avenue,0.0,0.0,0.0,0,(),0.0,0.0
6520,North End Avenue,0.0,0.0,0.0,0,(),0.0,0.0
6525,North End Avenue,0.0,0.0,0.0,0,(),0.0,0.0
6530,North End Avenue,0.0,0.0,0.0,0,(),0.0,0.0
6535,North End Avenue,0.0,0.0,0.0,0,(),0.0,0.0
6540,North End Avenue,0.0,0.0,0.0,0,(),0.0,0.0
6545,North End Avenue,0.0,0.0,0.0,0,(),0.0,0.0
6550,North End Avenue,0.0,0.0,0.0,0,(),0.0,0.0
6555,North End Avenue,0.0,0.0,0.0,0,(),0.0,0.0
6560,North End Avenue,0.0,0.0,0.0,0,(),0.0,0.0
6565,North End Avenue,0.0,0.0,0.0,0,(),0.0,0.0
6570,North End Avenue,0.0,0.0,0.0,0,(),0.0,0.0
6575,North End Avenue,0.0,0.0,0.0,0,(),0.0,0.0
6580,North End Avenue,0.0,0.0,0.0,0,(),0.0,0.0
6585,North End Avenue,0.0,0.0,0.0,0,(),0.0,0.0
6590,North End Avenue,0.0,0.0,0.0,0,(),0.0,0.0
6595,North End Avenue,0.0,0.0,0.0,0,(),0.0,0.0
6600,North End Avenue,0.0,0.0,0.0,0,(),0.0,0.0
6605,North End Avenue,0.0,0.0,0.0,0,(),0.0,0.0
6610,North End Avenue,0.0,0.0,0.0,0,(),0.0,0.0
6615,North End Avenue,0.0,0.0,0.0,0,(),0.0,0.0
6620,North End Avenue,0.0,0.0,0.0,0,(),0.0,0.0
6625,North End Avenue,0.0,0.0,0.0,0,(),0.0,0.0
6630,North End Avenue,0.0,0.0,0.0,0,(),0.0,0.0
6635,North End Avenue,0.0,0.0,0.0,0,(),0.0,0.0
6640,North End Avenue,0.0,0.0,0.0,0,(),0.0,0.0
6645,North End Avenue,0.0,0.0,0.0,0,(),0.0,0.0
6650,North End Avenue,0.0,0.0,0.0,0,(),0.0,0.0
6655,North End Avenue,0.0,0.0,0.0,0,(),0.0,0.0
6660,North End Avenue,0.0,0.0,0.0,0,(),0.0,0.0
6665,North End Avenue,0.0,0.0,0.0,0,(),0.0,0.0
6670,North End Avenue,0.0,0.0,0.0,0,(),0.0,0.0
6675,North End Avenue,0.0,0.0,0.0,0,(),0.0,0.0
6680,North End Avenue,0.0,0.0,0.0,0,(),0.0,0.0
6685,North End Avenue,0.0,0.0,0.0,0,(),0.0,0.0
6690,North End Avenue,0.0,0.0,0.0,0,(),0.0,0.0
6695,North End Avenue,0.0,0.0,0.0,0,(),0.0,0.0
6700,North End Avenue,0.0,0.0,0.0,0,(),0.0,0.0
6705,North End Avenue,0.0,0.0,0.0,0,(),0.0,0.0
6710,North End Avenue,0.0,0.0,0.0,0,(),0.0,0.0
6715,North End Avenue,0.0,0.0,0.0,0,(),0.0,0.0
6720,North End Avenue,0.0,0.0,0.0,0,(),0.0,0.0
6725,North End Avenue,0.0,0.0,0.0,0,(),0.0,0.0
6730,North End Avenue,0.0,0.0,0.0,0,(),0.0,0.0
6735,North End Avenue,0.0,0.0,0.0,0,(),0.0,0.0
6740,North End Avenue,0.0,0.0,0.0,0,(),0.0,0.0
6745,North End Avenue,0.0,0.0,0.0,0,(),0.0,0.0
6750,North End Avenue,0.0,0.0,0.0,0,(),0.0,0.0
6755,North End Avenue,0.0,0.0,0.0,0,(),0.0,0.0
6760,North End Avenue,0.0,0.0,0.0,0,(),0.0,0.0
6765,North End Avenue,0.0,0.0,0.0,0,(),0.0,0.0
6770,North End Avenue,0.0,0.0,0.0,0,(),0.0,0.0
6775,North End Avenue,0.0,0.0,0.0,0,(),0.0,0.0
6780,North End Avenue,0.0,0.0,0.0,0,(),0.0,0.0
6785,North End Avenue,0.0,0.0,0.0,0,(),0.0,0.0
6790,North End Avenue,0.0,0.0,0.0,0,(),0.0,0.0
6795,North End Avenue,0.0,0.0,0.0,0,(),0.0,0.0
6800,North End Avenue,0.0,0.0,0.0,0,(),0.0,0.0
6805,North End Avenue,0.0,0.0,0.0,0,(),0.0,0.0
6810,North End Avenue,0.0,0.0,0.0,0,(),0.0,0.0
6815,North End Avenue,0.0,0.0,0.0,0,(),0.0,0.0
6820,North End Avenue,0.0,0.0,0.0,0,(),0.0,0.0
6825,North End Avenue,0.0,0.0,0.0,0,(),0.0,0.0
6830,North End Avenue,0.0,0.0,0.0,0,(),0.0,0.0
6835,North End Avenue,0.0,0.0,0.0,0,(),0.0,0.0
6840,North End Avenue,0.0,0.0,0.0,0,(),0.0,0.0
6845,North End Avenue,0.0,0.0,0.0,0,(),0.0,0.0
6850,North End Avenue,0.0,0.0,0.0,0,(),0.0,0.0
6855,North End Avenue,0.0,0.0,0.0,0,(),0.0,0.0
6860,North End Avenue,0.0,0.0,0.0,0,(),0.0,0.0
6865,North End Avenue,0.0,0.0,0.0,0,(),0.0,0.0
6870,North End Avenue,0.0,0.0,0.0,0,(),0.0,0.0
6875,North End Avenue,0.0,0.0,0.0,0,(),0.0,0.0
6880,North End Avenue,0.0,0.0,0.0,0,(),0.0,0.0
6885,North End Avenue,0.0,0.0,0.0,0,(),0.0,0.0
6890,North End Avenue,0.0,0.0,0.0,0,(),0.0,0.0
6895,North End Avenue,0.0,0.0,0.0,0,(),0.0,0.0
6900,North End Avenue,0.0,0.0,0.0,0,(),0.0,0.0
6905,North End Avenue,0.0,0.0,0.0,0,(),0.0,0.0
6910,North End Avenue,0.0,0.0,0.0,0,(),0.0,0.0
6915,North End Avenue,0.0,0.0,0.0,0,(),0.0,0.0
6920,North End Avenue,0.0,0.0,0.0,0,(),0.0,0.0
6925,North End Avenue,0.0,0.0,0.0,0,(),0.0,0.0
6930,North End Avenue,0.0,0.0,0.0,0,(),0.0,0.0
6935,North End Avenue,0.0,0.0,0.0,0,(),0.0,0.0
6940,North End Avenue,0.0,0.0,0.0,0,(),0.0,0.0
6945,North End Avenue,0.0,0.0,0.0,0,(),0.0,0.0
6950,North End Avenue,0.0,0.0,0.0,0,(),0.0,0.0
6955,North End Avenue,0.0,0.0,0.0,0,(),0.0,0.0
6960,North End Avenue,0.0,0.0,0.0,0,(),0.0,0.0
6965,North End Avenue,0.0,0.0,0.0,0,(),0.0,0.0
6970,North End Avenue,0.0,0.0,0.0,0,(),0.0,0.0
6975,North End Avenue,0.0,0.0,0.0,0,(),0.0,0.0
6980,North End Avenue,0.0,0.0,0.0,0,(),0.0,0.0
6985,North End Avenue,0.0,0.0,0.0,0,(),0.0,0.0
6990,North End Avenue,0.0,0.0,0.0,0,(),0.0,0.0
6995,North End Avenue,0.0,0.0,0.0,0,(),0.0,0.0
7000,North End Avenue,0.0,0.0,0.0,0,(),0.0,0.0
7005,North End Avenue,0.0,0.0,0.0,0,(),0.0,0.0
7010,North End Avenue,0.0,0.0,0.0,0,(),0.0,0.0
7015,North End Avenue,0.0,0.0,0.0,0,(),0.0,0.0
7020,North End Avenue,0.0,0.0,0.0,0,(),0.0,0.0
7025,North End Avenue,0.0,0.0,0.0,0,(),0.0,0.0
7030,North End Avenue,0.0,0.0,0.0,0,(),0.0,0.0
7035,North End Avenue,0.0,0.0,0.0,0,(),0.0,0.0
7040,North End Avenue,0.0,0.0,0.0,0,(),0.0,0.0
7045,North End Avenue,0.0,0.0,0.0,0,(),0.0,0.0
7050,North End Avenue,0.0,0.0,0.0,0,(),0.0,0.0
7055,North End Avenue,0.0,0.0,0.0,0,(),0.0,0.0
7060,North End Avenue,0.0,0.0,0.0,0,(),0.0,0.0
7065,North End Avenue,0.0,0.0,0.0,0,(),0.0,0.0
7070,North End Avenue,0.0,0.0,0.0,0,(),0.0,0.0
7075,North End Avenue,0.0,0.0,0.0,0,(),0.0,0.0
7080,North End Avenue,0.0,0.0,0.0,0,(),0.0,0.0
7085,North End Avenue,0.0,0.0,0.0,0,(),0.0,0.0
7090,North End Avenue,0.0,0.0,0.0,0,(),0.0,0.0
7095,North End Avenue,0.0,0.0,0.0,0,(),0.0,0.0
7100,North End Avenue,0.0,0.0,0.0,0,(),0.0,0.0
7105,North End Avenue,0.0,0.0,0.0,0,(),0.0,0.0
7110,North End Avenue,0.0,0.0,0.0,0,(),0.0,0.0
7115,North End Avenue,0.0,0.0,0.0,0,(),0.0,0.0
7120,North End Avenue,0.0,0.0,0.0,0,(),0.0,0.0
7125,North End Avenue,0.0,0.0,0.0,0,(),0.0,0.0
7130,North End Avenue,0.0,0.0,0.0,0,(),0.0,0.0
7135,North End Avenue,0.0,0.0,0.0,0,(),0.0,0.0
7140,North End Avenue,0.0,0.0,0.0,0,(),0.0,0.0
7145,North End Avenue,0.0,0.0,0.0,0,(),0.0,0.0
7150,North End Avenue,0.0,0.0,0.0,0,(),0.0,0.0
7155,North End Avenue,0.0,0.0,0.0,0,(),0.0,0.0
7160,North End Avenue,0.0,0.0,0.0,0,(),0.0,0.0
7165,North End Avenue,0.0,0.0,0.0,0,(),0.0,0.0
7170,North End Avenue,0.0,0.0,0.0,0,(),0.0,0.0
7175,North End Avenue,0.0,0.0,0.0,0,(),0.0,0.0
7180,North End Avenue,0.0,0.0,0.0,0,(),0.0,0.0
7185,North End Avenue,0.0,0.0,0.0,0,(),0.0,0.0
7190,North End Avenue,0.0,0.0,0.0,0,(),0.0,0.0
7195,North End Avenue,0.0,0.0,0.0,0,(),0.0,0.0
7200,North End Avenue,0.0,0.0,0.0,0,(),0.0,0.0
7205,North End Avenue,0.0,0.0,0.0,0,(),0.0,0.0
7210,North End Avenue,0.0,0.0,0.0,0,(),0.0,0.0
7215,North End Avenue,0.0,0.0,0.0,0,(),0.0,0.0
7220,North End Avenue,0.0,0.0,0.0,0,(),0.0,0.0
7225,North End Avenue,0.0,0.0,0.0,0,(),0.0,0.0
7230,North End Avenue,0.0,0.0,0.0,0,(),0.0,0.0
7235,North End Avenue,0.0,0.0,0.0,0,(),0.0,0.0
7240,North End Avenue,0.0,0.0,0.0,0,(),0.0,0.0
7245,North End Avenue,0.0,0.0,0.0,0,(),0.0,0.0
7250,North End Avenue,0.0,0.0,0.0,0,(),0.0,0.0
7255,North End Avenue,0.0,0.0,0.0,0,(),0.0,0.0
7260,North End Avenue,0.0,0.0,0.0,0,(),0.0,0.0
7265,North End Avenue,0.0,0.0,0.0,0,(),0.0,0.0
7270,North End Avenue,0.0,0.0,0.0,0,(),0.0,0.0
7275,North End Avenue,0.0,0.0,0.0,0,(),0.0,0.0
7280,North End Avenue,0.0,0.0,0.0,0,(),0.0,0.0
7285,North End Avenue,0.0,0.0,0.0,0,(),0.0,0.0
7290,North End Avenue,0.0,0.0,0.0,0,(),0.0,0.0
7295,North End Avenue,0.0,0.0,0.0,0,(),0.0,0.0
7300,North End Avenue,0.0,0.0,0.0,0,(),0.0,0.0
7305,North End Avenue,0.0,0.0,0.0,0,(),0.0,0.0
7310,North End Avenue,0.0,0.0,0.0,0,(),0.0,0.0
7315,North End Avenue,0.0,0.0,0.0,0,(),0.0,0.0
7320,North End Avenue,0.0,0.0,0.0,0,(),0.0,0.0
7325,North End Avenue,0.0,0.0,0.0,0,(),0.0,0.0
7330,North End Avenue,0.0,0.0,0.0,0,(),0.0,0.0
7335,North End Avenue,0.0,0.0,0.0,0,(),0.0,0.0
7340,North End Avenue,0.0,0.0,0.0,0,(),0.0,0.0
7345,North End Avenue,0.0,0.0,0.0,0,(),0.0,0.0
7350,North End Avenue,0.0,0.0,0.0,0,(),0.0,0.0
7355,North End Avenue,0.0,0.0,0.0,0,(),0.0,0.0
7360,North End Avenue,0.0,0.0,0.0,0,(),0.0,0.0
7365,North End Avenue,0.0,0.0,0.0,0,(),0.0,0.0
7370,North End Avenue,0.0,0.0,0.0,0,(),0.0,0.0
7375,North End Avenue,0.0,0.0,0.0,0,(),0.0,0.0
7380,North End Avenue,0.0,0.0,0.0,0,(),0.0,0.0
7385,North End Avenue,0.0,0.0,0.0,0,(),0.0,0.0
7390,North End Avenue,0.0,0.0,0.0,0,(),0.0,0.0
7395,North End Avenue,0.0,0.0,0.0,0,(),0.0,0.0
7400,North End Avenue,0.0,0.0,0.0,0,(),0.0,0.0
7405,North End Avenue,0.0,0.0,0.0,0,(),0.0,0.0
7410,North End Avenue,0.0,0.0,0.0,0,(),0.0,0.0
7415,North End Avenue,0.0,0.0,0.0,0,(),0.0,0.0
7420,North End Avenue,0.0,0.0,0.0,0,(),0.0,0.0
7425,North End Avenue,0.0,0.0,0.0,0,(),0.0,0.0
7430,North End Avenue,0.0,0.0,0.0,0,(),0.0,0.0
7435,North End Avenue,0.0,0.0,0.0,0,(),0.0,0.0
7440,North End Avenue,0.0,0.0,0.0,0,(),0.0,0.0
7445,North End Avenue,0.0,0.0,0.0,0,(),0.0,0.0
7450,North End Avenue,0.0,0.0,0.0,0,(),0.0,0.0
7455,North End Avenue,0.0,0.0,0.0,0,(),0.0,0.0
7460,North End Avenue,0.0,0.0,0.0,0,(),0.0,0.0
7465,North End Avenue,0.0,0.0,0.0,0,(),0.0,0.0
7470,North End Avenue,0.0,0.0,0.0,0,(),0.0,0.0
7475,North End Avenue,0.0,0.0,0.0,0,(),0.0,0.0
7480,North End Avenue,0.0,0.0,0.0,0,(),0.0,0.0
7485,North End Avenue,0.0,0.0,0.0,0,(),0.0,0.0
7490,North End Avenue,0.0,0.0,0.0,0,(),0.0,0.0
7495,North End Avenue,0.0,0.0,0.0,0,(),0.0,0.0
7500,North End Avenue,0.0,0.0,0.0,0,(),0.0,0.0
7505,North End Avenue,0.0,0.0,0.0,0,(),0.0,0.0
7510,North End Avenue,0.0,0.0,0.0,0,(),0.0,0.0
7515,North End Avenue,0.0,0.0,0.0,0,(),0.0,0.0
7520,North End Avenue,0.0,0.0,0.0,0,(),0.0,0.0
7525,North End Avenue,0.0,0.0,0.0,0,(),0.0,0.0
7530,North End Avenue,0.0,0.0,0.0,0,(),0.0,0.0
7535,North End Avenue,0.0,0.0,0.0,0,(),0.0,0.0
7540,North End Avenue,0.0,0.0,0.0,0,(),0.0,0.0
7545,North End Avenue,0.0,0.0,0.0,0,(),0.0,0.0
7550,North End Avenue,0.0,0.0,0.0,0,(),0.0,0.0
7555,North End Avenue,0.0,0.0,0.0,0,(),0.0,0.0
7560,North End Avenue,0.0,0.0,0.0,0,(),0.0,0.0
7565,North End Avenue,0.0,0.0,0.0,0,(),0.0,0.0
7570,North End Avenue,0.0,0.0,0.0,0,(),0.0,0.0
7575,North End Avenue,0.0,0.0,0.0,0,(),0.0,0.0
7580,North End Avenue,0.0,0.0,0.0,0,(),0.0,0.0
7585,North End Avenue,0.0,0.0,0.0,0,(),0.0,0.0
7590,North End Avenue,0.0,0.0,0.0,0,(),0.0,0.0
7595,North End Avenue,0.0,0.0,0.0,0,(),0.0,0.0
7600,North End Avenue,0.0,0.0,0.0,0,(),0.0,0.0
7605,North End Avenue,0.0,0.0,0.0,0,(),0.0,0.0
7610,North End Avenue,0.0,0.0,0.0,0,(),0.0,0.0
7615,North End Avenue,0.0,0.0,0.0,0,(),0.0,0.0
7620,North End Avenue,0.0,0.0,0.0,0,(),0.0,0.0
7625,North End Avenue,0.0,0.0,0.0,0,(),0.0,0.0
7630,North End Avenue,0.0,0.0,0.0,0,(),0.0,0.0
7635,North End Avenue,0.0,0.0,0.0,0,(),0.0,0.0
7640,North End Avenue,0.0,0.0,0.0,0,(),0.0,0.0
7645,North End Avenue,0.0,0.0,0.0,0,(),0.0,0.0
7650,North End Avenue,0.0,0.0,0.0,0,(),0.0,0.0
7655,North End Avenue,0.0,0.0,0.0,0,(),0.0,0.0
7660,North End Avenue,0.0,0.0,0.0,0,(),0.0,0.0
7665,North End Avenue,0.0,0.0,0.0,0,(),0.0,0.0
7670,North End Avenue,0.0,0.0,0.0,0,(),0.0,0.0
7675,North End Avenue,0.0,0.0,0.0,0,(),0.0,0.0
7680,North End Avenue,0.0,0.0,0.0,0,(),0.0,0.0
7685,North End Avenue,0.0,0.0,0.0,0,(),0.0,0.0
7690,North End Avenue,0.0,0.0,0.0,0,(),0.0,0.0
7695,North End Avenue,0.0,0.0,0.0,0,(),0.0,0.0
7700,North End Avenue,0.0,0.0,0.0,0,(),0.0,0.0
7705,North End Avenue,0.0,0.0,0.0,0,(),0.0,0.0
7710,North End Avenue,0.0,0.0,0.0,0,(),0.0,0.0
7715,North End Avenue,0.0,0.0,0.0,0,(),0.0,0.0
7720,North End Avenue,0.0,0.0,0.0,0,(),0.0,0.0
7725,North End Avenue,0.0,0.0,0.0,0,(),0.0,0.0
7730,North End Avenue,0.0,0.0,0.0,0,(),0.0,0.0
7735,North End Avenue,0.0,0.0,0.0,0,(),0.0,0.0
7740,North End Avenue,0.0,0.0,0.0,0,(),0.0,0.0
7745,North End Avenue,0.0,0.0,0.0,0,(),0.0,0.0
7750,North End Avenue,0.0,0.0,0.0,0,(),0.0,0.0
7755,North End Avenue,0.0,0.0,0.0,0,(),0.0,0.0
7760,North End Avenue,0.0,0.0,0.0,0,(),0.0,0.0
7765,North End Avenue,0.0,0.0,0.0,0,(),0.0,0.0
7770,North End Avenue,0.0,0.0,0.0,0,(),0.0,0.0
7775,North End Avenue,0.0,0.0,0.0,0,(),0.0,0.0
7780,North End Avenue,0.0,0.0,0.0,0,(),0.0,0.0
7785,North End Avenue,0.0,0.0,0.0,0,(),0.0,0.0
7790,North End Avenue,0.0,0.0,0.0,0,(),0.0,0.0
7795,North End Avenue,0.0,0.0,0.0,0,(),0.0,0.0
7800,North End Avenue,0.0,0.0,0.0,0,(),0.0,0.0
7805,North End Avenue,0.0,0.0,0.0,0,(),0.0,0.0
7810,North End Avenue,0.0,0.0,0.0,0,(),0.0,0.0
7815,North End Avenue,0.0,0.0,0.0,0,(),0.0,0.0
7820,North End Avenue,0.0,0.0,0.0,0,(),0.0,0.0
7825,North End Avenue,0.0,0.0,0.0,0,(),0.0,0.0
7830,North End Avenue,0.0,0.0,0.0,0,(),0.0,0.0
7835,North End Avenue,0.0,0.0,0.0,0,(),0.0,0.0
7840,North End Avenue,0.0,0.0,0.0,0,(),0.0,0.0
7845,North End Avenue,0.0,0.0,0.0,0,(),0.0,0.0
7850,North End Avenue,0.0,0.0,0.0,0,(),0.0,0.0
7855,North End Avenue,0.0,0.0,0.0,0,(),0.0,0.0
7860,North End Avenue,0.0,0.0,0.0,0,(),0.0,0.0
7865,North End Avenue,0.0,0.0,0.0,0,(),0.0,0.0
7870,North End Avenue,0.0,0.0,0.0,0,(),0.0,0.0
7875,North End Avenue,0.0,0.0,0.0,0,(),0.0,0.0
7880,North End Avenue,0.0,0.0,0.0,0,(),0.0,0.0
7885,North End Avenue,0.0,0.0,0.0,0,(),0.0,0.0
7890,North End Avenue,0.0,0.0,0.0,0,(),0.0,0.0
7895,North End Avenue,0.0,0.0,0.0,0,(),0.0,0.0
7900,North End Avenue,0.0,0.0,0.0,0,(),0.0,0.0
7905,North End Avenue,0.0,0.0,0.0,0,(),0.0,0.0
7910,North End Avenue,0.0,0.0,0.0,0,(),0.0,0.0
7915,North End Avenue,0.0,0.0,0.0,0,(),0.0,0.0
7920,North End Avenue,0.0,0.0,0.0,0,(),0.0,0.0
7925,North End Avenue,0.0,0.0,0.0,0,(),0.0,0.0
7930,North End Avenue,0.0,0.0,0.0,0,(),0.0,0.0
7935,North End Avenue,0.0,0.0,0.0,0,(),0.0,0.0
7940,North End Avenue,0.0,0.0,0.0,0,(),0.0,0.0
7945,North End Avenue,0.0,0.0,0.0,0,(),0.0,0.0
7950,North End Avenue,0.0,0.0,0.0,0,(),0.0,0.0
7955,North End Avenue,0.0,0.0,0.0,0,(),0.0,0.0
7960,North End Avenue,0.0,0.0,0.0,0,(),0.0,0.0
7965,North End Avenue,0.0,0.0,0.0,0,(),0.0,0.0
7970,North End Avenue,0.0,0.0,0.0,0,(),0.0,0.0
7975,North End Avenue,0.0,0.0,0.0,0,(),0.0,0.0
7980,North End Avenue,0.0,0.0,0.0,0,(),0.0,0.0
7985,North End Avenue,0.0,0.0,0.0,0,(),0.0,0.0
7990,North End Avenue,0.0,0.0,0.0,0,(),0.0,0.0
7995,North End Avenue,0.0,0.0,0.0,0,(),0.0,0.0
8000,North End Avenue,0.0,0.0,0.0,0,(),0.0,0.0
8005,North End Avenue,0.0,0.0,0.0,0,(),0.0,0.0
8010,North End Avenue,0.0,0.0,0.0,0,(),0.0,0.0
8015,North End Avenue,0.0,0.0,0.0,0,(),0.0,0.0
8020,North End Avenue,0.0,0.0,0.0,0,(),0.0,0.0
8025,North End Avenue,0.0,0.0,0.0,0,(),0.0,0.0
8030,North End Avenue,0.0,0.0,0.0,0,(),0.0,0.0
8035,North End Avenue,0.0,0.0,0.0,0,(),0.0,0.0
8040,North End Avenue,0.0,0.0,0.0,0,(),0.0,0.0
8045,North End Avenue,0.0,0.0,0.0,0,(),0.0,0.0
8050,North End Avenue,0.0,0.0,0.0,0,(),0.0,0.0
8055,North End Avenue,0.0,0.0,0.0,0,(),0.0,0.0
8060,North End Avenue,0.0,0.0,0.0,0,(),0.0,0.0
8065,North End Avenue,0.0,0.0,0.0,0,(),0.0,0.0
8070,North End Avenue,0.0,0.0,0.0,0,(),0.0,0.0
8075,North End Avenue,0.0,0.0,0.0,0,(),0.0,0.0
8080,North End Avenue,0.0,0.0,0.0,0,(),0.0,0.0
8085,North End Avenue,0.0,0.0,0.0,0,(),0.0,0.0
8090,North End Avenue,0.0,0.0,0.0,0,(),0.0,0.0
8095,North End Avenue,0.0,0.0,0.0,0,(),0.0,0.0
8100,North End Avenue,0.0,0.0,0.0,0,(),0.0,0.0
8105,North End Avenue,0.0,0.0,0.0,0,(),0.0,0.0
8110,North End Avenue,0.0,0.0,0.0,0,(),0.0,0.0
8115,North End Avenue,0.0,0.0,0.0,0,(),0.0,0.0
8120,North End Avenue,0.0,0.0,0.0,0,(),0.0,0.0
8125,North End Avenue,0.0,0.0,0.0,0,(),0.0,0.0
8130,North End Avenue,0.0,0.0,0.0,0,(),0.0,0.0
8135,North End Avenue,0.0,0.0,0.0,0,(),0.0,0.0
8140,North End Avenue,0.0,0.0,0.0,0,(),0.0,0.0
8145,North End Avenue,0.0,0.0,0.0,0,(),0.0,0.0
8150,North End Avenue,0.0,0.0,0.0,0,(),0.0,0.0
8155,North End Avenue,0.0,0.0,0.0,0,(),0.0,0.0
8160,North End Avenue,0.0,0.0,0.0,0,(),0.0,0.0
8165,North End Avenue,0.0,0.0,0.0,0,(),0.0,0.0
8170,North End Avenue,0.0,0.0,0.0,0,(),0.0,0.0
8175,North End Avenue,0.0,0.0,0.0,0,(),0.0,0.0
8180,North End Avenue,0.0,0.0,0.0,0,(),0.0,0.0
8185,North End Avenue,0.0,0.0,0.0,0,(),0.0,0.0
8190,North End Avenue,0.0,0.0,0.0,0,(),0.0,0.0
8195,North End Avenue,0.0,0.0,0.0,0,(),0.0,0.0
8200,North End Avenue,0.0,0.0,0.0,0,(),0.0,0.0
8205,North End Avenue,0.0,0.0,0.0,0,(),0.0,0.0
8210,North End Avenue,0.0,0.0,0.0,0,(),0.0,0.0
8215,North End Avenue,0.0,0.0,0.0,0,(),0.0,0.0
8220,North End Avenue,0.0,0.0,0.0,0,(),0.0,0.0
8225,North End Avenue,0.0,0.0,0.0,0,(),0.0,0.0
8230,North End Avenue,0.0,0.0,0.0,0,(),0.0,0.0
8235,North End Avenue,0.0,0.0,0.0,0,(),0.0,0.0
8240,North End Avenue,0.0,0.0,0.0,0,(),0.0,0.0
8245,North End Avenue,0.0,0.0,0.0,0,(),0.0,0.0
8250,North End Avenue,0.0,0.0,0.0,0,(),0.0,0.0
8255,North End Avenue,0.0,0.0,0.0,0,(),0.0,0.0
8260,North End Avenue,0.0,0.0,0.0,0,(),0.0,0.0
8265,North End Avenue,0.0,0.0,0.0,0,(),0.0,0.0
8270,North End Avenue,0.0,0.0,0.0,0,(),0.0,0.0
8275,North End Avenue,0.0,0.0,0.0,0,(),0.0,0.0
8280,North End Avenue,0.0,0.0,0.0,0,(),0.0,0.0
8285,North End Avenue,0.0,0.0,0.0,0,(),0.0,0.0
8290,North End Avenue,0.0,0.0,0.0,0,(),0.0,0.0
8295,North End Avenue,0.0,0.0,0.0,0,(),0.0,0.0
8300,North End Avenue,0.0,0.0,0.0,0,(),0.0,0.0
8305,North End Avenue,0.0,0.0,0.0,0,(),0.0,0.0
8310,North End Avenue,0.0,0.0,0.0,0,(),0.0,0.0
8315,North End Avenue,0.0,0.0,0.0,0,(),0.0,0.0
8320,North End Avenue,0.0,0.0,0.0,0,(),0.0,0.0
8325,North End Avenue,0.0,0.0,0.0,0,(),0.0,0.0
8330,North End Avenue,0.0,0.0,0.0,0,(),0.0,0.0
8335,North End Avenue,0.0,0.0,0.0,0,(),0.0,0.0
8340,North End Avenue,0.0,0.0,0.0,0,(),0.0,0.0
8345,North End Avenue,0.0,0.0,0.0,0,(),0.0,0.0
8350,North End Avenue,0.0,0.0,0.0,0,(),0.0,0.0
8355,North End Avenue,0.0,0.0,0.0,0,(),0.0,0.0
8360,North End Avenue,0.0,0.0,0.0,0,(),0.0,0.0
8365,North End Avenue,0.0,0.0,0.0,0,(),0.0,0.0
8370,North End Avenue,0.0,0.0,0.0,0,(),0.0,0.0
8375,North End Avenue,0.0,0.0,0.0,0,(),0.0,0.0
8380,North End Avenue,0.0,0.0,0.0,0,(),0.0,0.0
8385,North End Avenue,0.0,0.0,0.0,0,(),0.0,0.0
8390,North End Avenue,0.0,0.0,0.0,0,(),0.0,0.0
8395,North End Avenue,0.0,0.0,0.0,0,(),0.0,0.0
8400,North End Avenue,0.0,0.0,0.0,0,(),0.0,0.0
8405,North End Avenue,0.0,0.0,0.0,0,(),0.0,0.0
8410,North End Avenue,0.0,0.0,0.0,0,(),0.0,0.0
8415,North End Avenue,0.0,0.0,0.0,0,(),0.0,0.0
8420,North End Avenue,0.0,0.0,0.0,0,(),0.0,0.0
8425,North End Avenue,0.0,0.0,0.0,0,(),0.0,0.0
8430,North End Avenue,0.0,0.0,0.0,0,(),0.0,0.0
8435,North End Avenue,0.0,0.0,0.0,0,(),0.0,0.0
8440,North End Avenue,0.0,0.0,0.0,0,(),0.0,0.0
8445,North End Avenue,0.0,0.0,0.0,0,(),0.0,0.0
8450,North End Avenue,0.0,0.0,0.0,0,(),0.0,0.0
8455,North End Avenue,0.0,0.0,0.0,0,(),0.0,0.0
8460,North End Avenue,0.0,0.0,0.0,0,(),0.0,0.0
8465,North End Avenue,0.0,0.0,0.0,0,(),0.0,0.0
8470,North End Avenue,0.0,0.0,0.0,0,(),0.0,0.0
8475,North End Avenue,0.0,0.0,0.0,0,(),0.0,0.0
8480,North End Avenue,0.0,0.0,0.0,0,(),0.0,0.0
8485,North End Avenue,0.0,0.0,0.0,0,(),0.0,0.0
8490,North End Avenue,0.0,0.0,0.0,0,(),0.0,0.0
8495,North End Avenue,0.0,0.0,0.0,0,(),0.0,0.0
8500,North End Avenue,0.0,0.0,0.0,0,(),0.0,0.0
8505,North End Avenue,0.0,0.0,0.0,0,(),0.0,0.0
8510,North End Avenue,0.0,0.0,0.0,0,(),0.0,0.0
8515,North End Avenue,0.0,0.0,0.0,0,(),0.0,0.0
8520,North End Avenue,0.0,0.0,0.0,0,(),0.0,0.0
8525,North End Avenue,0.0,0.0,0.0,0,(),0.0,0.0
8530,North End Avenue,0.0,0.0,0.0,0,(),0.0,0.0
8535,North End Avenue,0.0,0.0,0.0,0,(),0.0,0.0
8540,North End Avenue,0.0,0.0,0.0,0,(),0.0,0.0
8545,North End Avenue,0.0,0.0,0.0,0,(),0.0,0.0
8550,North End Avenue,0.0,0.0,0.0,0,(),0.0,0.0
8555,North End Avenue,0.0,0.0,0.0,0,(),0.0,0.0
8560,North End Avenue,0.0,0.0,0.0,0,(),0.0,0.0
8565,North End Avenue,0.0,0.0,0.0,0,(),0.0,0.0
8570,North End Avenue,0.0,0.0,0.0,0,(),0.0,0.0
8575,North End Avenue,0.0,0.0,0.0,0,(),0.0,0.0
8580,North End Avenue,0.0,0.0,0.0,0,(),0.0,0.0
8585,North End Avenue,0.0,0.0,0.0,0,(),0.0,0.0
8590,North End Avenue,0.0,0.0,0.0,0,(),0.0,0.0
8595,North End Avenue,0.0,0.0,0.0,0,(),0.0,0.0
8600,North End Avenue,0.0,0.0,0.0,0,(),0.0,0.0
8605,North End Avenue,0.0,0.0,0.0,0,(),0.0,0.0
8610,North End Avenue,0.0,0.0,0.0,0,(),0.0,0.0
8615,North End Avenue,0.0,0.0,0.0,0,(),0.0,0.0
8620,North End Avenue,0.0,0.0,0.0,0,(),0.0,0.0
8625,North End Avenue,0.0,0.0,0.0,0,(),0.0,0.0
8630,North End Avenue,0.0,0.0,0.0,0,(),0.0,0.0
8635,North End Avenue,0.0,0.0,0.0,0,(),0.0,0.0
8640,North End Avenue,0.0,0.0,0.0,0,(),0.0,0.0
8645,North End Avenue,0.0,0.0,0.0,0,(),0.0,0.0
8650,North End Avenue,0.0,0.0,0.0,0,(),0.0,0.0
8655,North End Avenue,0.0,0.0,0.0,0,(),0.0,0.0
8660,North End Avenue,0.0,0.0,0.0,0,(),0.0,0.0
8665,North End Avenue,0.0,0.0,0.0,0,(),0.0,0.0
8670,North End Avenue,0.0,0.0,0.0,0,(),0.0,0.0
8675,North End Avenue,0.0,0.0,0.0,0,(),0.0,0.0
8680,North End Avenue,0.0,0.0,0.0,0,(),0.0,0.0
8685,North End Avenue,0.0,0.0,0.0,0,(),0.0,0.0
8690,North End Avenue,0.0,0.0,0.0,0,(),0.0,0.0
8695,North End Avenue,0.0,0.0,0.0,0,(),0.0,0.0
8700,North End Avenue,0.0,0.0,0.0,0,(),0.0,0.0
8705,North End Avenue,0.0,0.0,0.0,0,(),0.0,0.0
8710,North End Avenue,0.0,0.0,0.0,0,(),0.0,0.0
8715,North End Avenue,0.0,0.0,0.0,0,(),0.0,0.0
8720,North End Avenue,0.0,0.0,0.0,0,(),0.0,0.0
8725,North End Avenue,0.0,0.0,0.0,0,(),0.0,0.0
8730,North End Avenue,0.0,0.0,0.0,0,(),0.0,0.0
8735,North End Avenue,0.0,0.0,0.0,0,(),0.0,0.0
8740,North End Avenue,0.0,0.0,0.0,0,(),0.0,0.0
8745,North End Avenue,0.0,0.0,0.0,0,(),0.0,0.0
8750,North End Avenue,0.0,0.0,0.0,0,(),0.0,0.0
8755,North End Avenue,0.0,0.0,0.0,0,(),0.0,0.0
8760,North End Avenue,0.0,0.0,0.0,0,(),0.0,0.0
8765,North End Avenue,0.0,0.0,0.0,0,(),0.0,0.0
8770,North End Avenue,0.0,0.0,0.0,0,(),0.0,0.0
8775,North End Avenue,0.0,0.0,0.0,0,(),0.0,0.0
8780,North End Avenue,0.0,0.0,0.0,0,(),0.0,0.0
8785,North End Avenue,0.0,0.0,0.0,0,(),0.0,0.0
8790,North End Avenue,0.0,0.0,0.0,0,(),0.0,0.0
8795,North End Avenue,0.0,0.0,0.0,0,(),0.0,0.0
8800,North End Avenue,0.0,0.0,0.0,0,(),0.0,0.0
8805,North End Avenue,0.0,0.0,0.0,0,(),0.0,0.0
8810,North End Avenue,0.0,0.0,0.0,0,(),0.0,0.0
8815,North End Avenue,0.0,0.0,0.0,0,(),0.0,0.0
8820,North End Avenue,0.0,0.0,0.0,0,(),0.0,0.0
8825,North End Avenue,0.0,0.0,0.0,0,(),0.0,0.0
8830,North End Avenue,0.0,0.0,0.0,0,(),0.0,0.0
8835,North End Avenue,0.0,0.0,0.0,0,(),0.0,0.0
8840,North End Avenue,0.0,0.0,0.0,0,(),0.0,0.0
8845,North End Avenue,0.0,0.0,0.0,0,(),0.0,0.0
8850,North End Avenue,0.0,0.0,0.0,0,(),0.0,0.0
8855,North End Avenue,0.0,0.0,0.0,0,(),0.0,0.0
8860,North End Avenue,0.0,0.0,0.0,0,(),0.0,0.0
8865,North End Avenue,0.0,0.0,0.0,0,(),0.0,0.0
8870,North End Avenue,0.0,0.0,0.0,0,(),0.0,0.0
8875,North End Avenue,0.0,0.0,0.0,0,(),0.0,0.0
8880,North End Avenue,0.0,0.0,0.0,0,(),0.0,0.0
8885,North End Avenue,0.0,0.0,0.0,0,(),0.0,0.0
8890,North End Avenue,0.0,0.0,0.0,0,(),0.0,0.0
8895,North End Avenue,0.0,0.0,0.0,0,(),0.0,0.0
8900,North End Avenue,0.0,0.0,0.0,0,(),0.0,0.0
8905,North End Avenue,0.0,0.0,0.0,0,(),0.0,0.0
8910,North End Avenue,0.0,0.0,0.0,0,(),0.0,0.0
8915,North End Avenue,0.0,0.0,0.0,0,(),0.0,0.0
8920,North End Avenue,0.0,0.0,0.0,0,(),0.0,0.0
8925,North End Avenue,0.0,0.0,0.0,0,(),0.0,0.0
8930,North End Avenue,0.0,0.0,0.0,0,(),0.0,0.0
8935,North End Avenue,0.0,0.0,0.0,0,(),0.0,0.0
8940,North End Avenue,0.0,0.0,0.0,0,(),0.0,0.0
8945,North End Avenue,0.0,0.0,0.0,0,(),0.0,0.0
8950,North End Avenue,0.0,0.0,0.0,0,(),0.0,0.0
8955,North End Avenue,0.0,0.0,0.0,0,(),0.0,0.0
8960,North End Avenue,0.0,0.0,0.0,0,(),0.0,0.0
8965,North End Avenue,0.0,0.0,0.0,0,(),0.0,0.0
8970,North End Avenue,0.0,0.0,0.0,0,(),0.0,0.0
8975,North End Avenue,0.0,0.0,0.0,0,(),0.0,0.0
8980,North End Avenue,0.0,0.0,0.0,0,(),0.0,0.0
8985,North End Avenue,0.0,0.0,0.0,0,(),0.0,0.0
8990,North End Avenue,0.0,0.0,0.0,0,(),0.0,0.0
8995,North End Avenue,0.0,0.0,0.0,0,(),0.0,0.0
9000,North End Avenue,0.0,0.0,0.0,0,(),0.0,0.0
9005,North End Avenue,0.0,0.0,0.0,0,(),0.0,0.0
9010,North End Avenue,0.0,0.0,0.0,0,(),0.0,0.0
9015,North End Avenue,0.0,0.0,0.0,0,(),0.0,0.0
9020,North End Avenue,0.0,0.0,0.0,0,(),0.0,0.0
9025,North End Avenue,0.0,0.0,0.0,0,(),0.0,0.0
9030,North End Avenue,0.0,0.0,0.0,0,(),0.0,0.0
9035,North End Avenue,0.0,0.0,0.0,0,(),0.0,0.0
9040,North End Avenue,0.0,0.0,0.0,0,(),0.0,0.0
9045,North End Avenue,0.0,0.0,0.0,0,(),0.0,0.0
9050,North End Avenue,0.0,0.0,0.0,0,(),0.0,0.0
9055,North End Avenue,0.0,0.0,0.0,0,(),0.0,0.0
9060,North End Avenue,0.0,0.0,0.0,0,(),0.0,0.0
9065,North End Avenue,0.0,0.0,0.0,0,(),0.0,0.0
9070,North End Avenue,0.0,0.0,0.0,0,(),0.0,0.0
9075,North End Avenue,0.0,0.0,0.0,0,(),0.0,0.0
9080,North End Avenue,0.0,0.0,0.0,0,(),0.0,0.0
9085,North End Avenue,0.0,0.0,0.0,0,(),0.0,0.0
9090,North End Avenue,0.0,0.0,0.0,0,(),0.0,0.0
9095,North End Avenue,0.0,0.0,0.0,0,(),0.0,0.0
9100,North End Avenue,0.0,0.0,0.0,0,(),0.0,0.0
9105,North End Avenue,0.0,0.0,0.0,0,(),0.0,0.0
9110,North End Avenue,0.0,0.0,0.0,0,(),0.0,0.0
9115,North End Avenue,0.0,0.0,0.0,0,(),0.0,0.0
9120,North End Avenue,0.0,0.0,0.0,0,(),0.0,0.0
9125,North End Avenue,0.0,0.0,0.0,0,(),0.0,0.0
9130,North End Avenue,0.0,0.0,0.0,0,(),0.0,0.0
9135,North End Avenue,0.0,0.0,0.0,0,(),0.0,0.0
9140,North End Avenue,0.0,0.0,0.0,0,(),0.0,0.0
9145,North End Avenue,0.0,0.0,0.0,0,(),0.0,0.0
9150,North End Avenue,0.0,0.0,0.0,0,(),0.0,0.0
9155,North End Avenue,0.0,0.0,0.0,0,(),0.0,0.0
9160,North End Avenue,0.0,0.0,0.0,0,(),0.0,0.0
9165,North End Avenue,0.0,0.0,0.0,0,(),0.0,0.0
9170,North End Avenue,0.0,0.0,0.0,0,(),0.0,0.0
9175,North End Avenue,0.0,0.0,0.0,0,(),0.0,0.0
9180,North End Avenue,0.0,0.0,0.0,0,(),0.0,0.0
9185,North End Avenue,0.0,0.0,0.0,0,(),0.0,0.0
9190,North End Avenue,0.0,0.0,0.0,0,(),0.0,0.0
9195,North End Avenue,0.0,0.0,0.0,0,(),0.0,0.0
9200,North End Avenue,0.0,0.0,0.0,0,(),0.0,0.0
9205,North End Avenue,0.0,0.0,0.0,0,(),0.0,0.0
9210,North End Avenue,0.0,0.0,0.0,0,(),0.0,0.0
9215,North End Avenue,0.0,0.0,0.0,0,(),0.0,0.0
9220,North End Avenue,0.0,0.0,0.0,0,(),0.0,0.0
9225,North End Avenue,0.0,0.0,0.0,0,(),0.0,0.0
9230,North End Avenue,0.0,0.0,0.0,0,(),0.0,0.0
9235,North End Avenue,0.0,0.0,0.0,0,(),0.0,0.0
9240,North End Avenue,0.0,0.0,0.0,0,(),0.0,0.0
9245,North End Avenue,0.0,0.0,0.0,0,(),0.0,0.0
9250,North End Avenue,0.0,0.0,0.0,0,(),0.0,0.0
9255,North End Avenue,0.0,0.0,0.0,0,(),0.0,0.0
9260,North End Avenue,0.0,0.0,0.0,0,(),0.0,0.0
9265,North End Avenue,0.0,0.0,0.0,0,(),0.0,0.0
9270,North End Avenue,0.0,0.0,0.0,0,(),0.0,0.0
9275,North End Avenue,0.0,0.0,0.0,0,(),0.0,0.0
9280,North End Avenue,0.0,0.0,0.0,0,(),0.0,0.0
9285,North End Avenue,0.0,0.0,0.0,0,(),0.0,0.0
9290,North End Avenue,0.0,0.0,0.0,0,(),0.0,0.0
9295,North End Avenue,0.0,0.0,0.0,0,(),0.0,0.0
9300,North End Avenue,0.0,0.0,0.0,0,(),0.0,0.0
9305,North End Avenue,0.0,0.0,0.0,0,(),0.0,0.0
9310,North End Avenue,0.0,0.0,0.0,0,(),0.0,0.0
9315,North End Avenue,0.0,0.0,0.0,0,(),0.0,0.0
9320,North End Avenue,0.0,0.0,0.0,0,(),0.0,0.0
9325,North End Avenue,0.0,0.0,0.0,0,(),0.0,0.0
9330,North End Avenue,0.0,0.0,0.0,0,(),0.0,0.0
9335,North End Avenue,0.0,0.0,0.0,0,(),0.0,0.0
9340,North End Avenue,0.0,0.0,0.0,0,(),0.0,0.0
9345,North End Avenue,0.0,0.0,0.0,0,(),0.0,0.0
9350,North End Avenue,0.0,0.0,0.0,0,(),0.0,0.0
9355,North End Avenue,0.0,0.0,0.0,0,(),0.0,0.0
9360,North End Avenue,0.0,0.0,0.0,0,(),0.0,0.0
9365,North End Avenue,0.0,0.0,0.0,0,(),0.0,0.0
9370,North End Avenue,0.0,0.0,0.0,0,(),0.0,0.0
9375,North End Avenue,0.0,0.0,0.0,0,(),0.0,0.0
9380,North End Avenue,0.0,0.0,0.0,0,(),0.0,0.0
9385,North End Avenue,0.0,0.0,0.0,0,(),0.0,0.0
9390,North End Avenue,0.0,0.0,0.0,0,(),0.0,0.0
9395,North End Avenue,0.0,0.0,0.0,0,(),0.0,0.0
9400,North End Avenue,0.0,0.0,0.0,0,(),0.0,0.0
9405,North End Avenue,0.0,0.0,0.0,0,(),0.0,0.0
9410,North End Avenue,0.0,0.0,0.0,0,(),0.0,0.0
9415,North End Avenue,0.0,0.0,0.0,0,(),0.0,0.0
9420,North End Avenue,0.0,0.0,0.0,0,(),0.0,0.0
9425,North End Avenue,0.0,0.0,0.0,0,(),0.0,0.0
9430,North End Avenue,0.0,0.0,0.0,0,(),0.0,0.0
9435,North End Avenue,0.0,0.0,0.0,0,(),0.0,0.0
9440,North End Avenue,0.0,0.0,0.0,0,(),0.0,0.0
9445,North End Avenue,0.0,0.0,0.0,0,(),0.0,0.0
9450,North End Avenue,0.0,0.0,0.0,0,(),0.0,0.0
9455,North End Avenue,0.0,0.0,0.0,0,(),0.0,0.0
9460,North End Avenue,0.0,0.0,0.0,0,(),0.0,0.0
9465,North End Avenue,0.0,0.0,0.0,0,(),0.0,0.0
9470,North End Avenue,0.0,0.0,0.0,0,(),0.0,0.0
9475,North End Avenue,0.0,0.0,0.0,0,(),0.0,0.0
9480,North End Avenue,0.0,0.0,0.0,0,(),0.0,0.0
9485,North End Avenue,0.0,0.0,0.0,0,(),0.0,0.0
9490,North End Avenue,0.0,0.0,0.0,0,(),0.0,0.0
9495,North End Avenue,0.0,0.0,0.0,0,(),0.0,0.0
9500,North End Avenue,0.0,0.0,0.0,0,(),0.0,0.0
9505,North End Avenue,0.0,0.0,0.0,0,(),0.0,0.0
9510,North End Avenue,0.0,0.0,0.0,0,(),0.0,0.0
9515,North End Avenue,0.0,0.0,0.0,0,(),0.0,0.0
9520,North End Avenue,0.0,0.0,0.0,0,(),0.0,0.0
9525,North End Avenue,0.0,0.0,0.0,0,(),0.0,0.0
9530,North End Avenue,0.0,0.0,0.0,0,(),0.0,0.0
9535,North End Avenue,0.0,0.0,0.0,0,(),0.0,0.0
9540,North End Avenue,0.0,0.0,0.0,0,(),0.0,0.0
9545,North End Avenue,0.0,0.0,0.0,0,(),0.0,0.0
9550,North End Avenue,0.0,0.0,0.0,0,(),0.0,0.0
9555,North End Avenue,0.0,0.0,0.0,0,(),0.0,0.0
9560,North End Avenue,0.0,0.0,0.0,0,(),0.0,0.0
9565,North End Avenue,0.0,0.0,0.0,0,(),0.0,0.0
9570,North End Avenue,0.0,0.0,0.0,0,(),0.0,0.0
9575,North End Avenue,0.0,0.0,0.0,0,(),0.0,0.0
9580,North End Avenue,0.0,0.0,0.0,0,(),0.0,0.0
9585,North End Avenue,0.0,0.0,0.0,0,(),0.0,0.0
9590,North End Avenue,0.0,0.0,0.0,0,(),0.0,0.0
9595,North End Avenue,0.0,0.0,0.0,0,(),0.0,0.0
9600,North End Avenue,0.0,0.0,0.0,0,(),0.0,0.0
9605,North End Avenue,0.0,0.0,0.0,0,(),0.0,0.0
9610,North End Avenue,0.0,0.0,0.0,0,(),0.0,0.0
9615,North End Avenue,0.0,0.0,0.0,0,(),0.0,0.0
9620,North End Avenue,0.0,0.0,0.0,0,(),0.0,0.0
9625,North End Avenue,0.0,0.0,0.0,0,(),0.0,0.0
9630,North End Avenue,0.0,0.0,0.0,0,(),0.0,0.0
9635,North End Avenue,0.0,0.0,0.0,0,(),0.0,0.0
9640,North End Avenue,0.0,0.0,0.0,0,(),0.0,0.0
9645,North End Avenue,0.0,0.0,0.0,0,(),0.0,0.0
9650,North End Avenue,0.0,0.0,0.0,0,(),0.0,0.0
9655,North End Avenue,0.0,0.0,0.0,0,(),0.0,0.0
9660,North End Avenue,0.0,0.0,0.0,0,(),0.0,0.0
9665,North End Avenue,0.0,0.0,0.0,0,(),0.0,0.0
9670,North End Avenue,0.0,0.0,0.0,0,(),0.0,0.0
9675,North End Avenue,0.0,0.0,0.0,0,(),0.0,0.0
9680,North End Avenue,0.0,0.0,0.0,0,(),0.0,0.0
9685,North End Avenue,0.0,0.0,0.0,0,(),0.0,0.0
9690,North End Avenue,0.0,0.0,0.0,0,(),0.0,0.0
9695,North End Avenue,0.0,0.0,0.0,0,(),0.0,0.0
9700,North End Avenue,0.0,0.0,0.0,0,(),0.0,0.0
9705,North End Avenue,0.0,0.0,0.0,0,(),0.0,0.0
9710,North End Avenue,0.0,0.0,0.0,0,(),0.0,0.0
9715,North End Avenue,0.0,0.0,0.0,0,(),0.0,0.0
9720,North End Avenue,0.0,0.0,0.0,0,(),0.0,0.0
9725,North End Avenue,0.0,0.0,0.0,0,(),0.0,0.0
9730,North End Avenue,0.0,0.0,0.0,0,(),0.0,0.0
9735,North End Avenue,0.0,0.0,0.0,0,(),0.0,0.0
9740,North End Avenue,0.0,0.0,0.0,0,(),0.0,0.0
9745,North End Avenue,0.0,0.0,0.0,0,(),0.0,0.0
9750,North End Avenue,0.0,0.0,0.0,0,(),0.0,0.0
9755,North End Avenue,0.0,0.0,0.0,0,(),0.0,0.0
9760,North End Avenue,0.0,0.0,0.0,0,(),0.0,0.0
9765,North End Avenue,0.0,0.0,0.0,0,(),0.0,0.0
9770,North End Avenue,0.0,0.0,0.0,0,(),0.0,0.0
9775,North End Avenue,0.0,0.0,0.0,0,(),0.0,0.0
9780,North End Avenue,0.0,0.0,0.0,0,(),0.0,0.0
9785,North End Avenue,0.0,0.0,0.0,0,(),0.0,0.0
9790,North End Avenue,0.0,0.0,0.0,0,(),0.0,0.0
9795,North End Avenue,0.0,0.0,0.0,0,(),0.0,0.0
9800,North End Avenue,0.0,0.0,0.0,0,(),0.0,0.0
9805,North End Avenue,0.0,0.0,0.0,0,(),0.0,0.0
9810,North End Avenue,0.0,0.0,0.0,0,(),0.0,0.0
9815,North End Avenue,0.0,0.0,0.0,0,(),0.0,0.0
9820,North End Avenue,0.0,0.0,0.0,0,(),0.0,0.0
9825,North End Avenue,0.0,0.0,0.0,0,(),0.0,0.0
9830,North End Avenue,0.0,0.0,0.0,0,(),0.0,0.0
9835,North End Avenue,0.0,0.0,0.0,0,(),0.0,0.0
9840,North End Avenue,0.0,0.0,0.0,0,(),0.0,0.0
9845,North End Avenue,0.0,0.0,0.0,0,(),0.0,0.0
9850,North End Avenue,0.0,0.0,0.0,0,(),0.0,0.0
9855,North End Avenue,0.0,0.0,0.0,0,(),0.0,0.0
9860,North End Avenue,0.0,0.0,0.0,0,(),0.0,0.0
9865,North End Avenue,0.0,0.0,0.0,0,(),0.0,0.0
9870,North End Avenue,0.0,0.0,0.0,0,(),0.0,0.0
9875,North End Avenue,0.0,0.0,0.0,0,(),0.0,0.0
9880,North End Avenue,0.0,0.0,0.0,0,(),0.0,0.0
9885,North End Avenue,0.0,0.0,0.0,0,(),0.0,0.0
9890,North End Avenue,0.0,0.0,0.0,0,(),0.0,0.0
9895,North End Avenue,0.0,0.0,0.0,0,(),0.0,0.0
9900,North End Avenue,0.0,0.0,0.0,0,(),0.0,0.0
9905,North End Avenue,0.0,0.0,0.0,0,(),0.0,0.0
9910,North End Avenue,0.0,0.0,0.0,0,(),0.0,0.0
9915,North End Avenue,0.0,0.0,0.0,0,(),0.0,0.0
9920,North End Avenue,0.0,0.0,0.0,0,(),0.0,0.0
9925,North End Avenue,0.0,0.0,0.0,0,(),0.0,0.0
9930,North End Avenue,0.0,0.0,0.0,0,(),0.0,0.0
9935,North End Avenue,0.0,0.0,0.0,0,(),0.0,0.0
9940,North End Avenue,0.0,0.0,0.0,0,(),0.0,0.0
9945,North End Avenue,0.0,0.0,0.0,0,(),0.0,0.0
9950,North End Avenue,0.0,0.0,0.0,0,(),0.0,0.0
9955,North End Avenue,0.0,0.0,0.0,0,(),0.0,0.0
9960,North End Avenue,0.0,0.0,0.0,0,(),0.0,0.0
9965,North End Avenue,0.0,0.0,0.0,0,(),0.0,0.0
9970,North End Avenue,0.0,0.0,0.0,0,(),0.0,0.0
9975,North End Avenue,0.0,0.0,0.0,0,(),0.0,0.0
9980,North End Avenue,0.0,0.0,0.0,0,(),0.0,0.0
9985,North End Avenue,0.0,0.0,0.0,0,(),0.0,0.0
9990,North End Avenue,0.0,0.0,0.0,0,(),0.0,0.0
9995,North End Avenue,0.0,0.0,0.0,0,(),0.0,0.0
